29399589
30217140
59929243
40217149
30219889
50217139
99929585
70221395
90217161
30217135
80539077
30289575
69399587
70539068
60539064
00536247
20510779
90504044
80485282
60488390
80477734
90356963
80336758
00336267
60526047
30492483
40540855
70528611
20584096
40488447
90500164
60528584
70528569
90528498
90371765
60413502
20371764
20452294
19602341
79231154
39591068
40371763
00596161
99234255
80487827
50413507
50413526
19299571
00577624
40404103
10390961
90333052
38006200
30511014
90473325
50333049
40263853
30508667
00477361
80477395
80477418
30477411
10508932
90477432
40477415
60477382
99561153
10439694
20551091
59561188
29561284
20555876
09561157
60516821
00516819
10515334
00446237
80562770
09216595
70471841
60527891
40511358
99929241
70217157
60217228
70489695
80291707
50277393
00277395
30511288
09384051
10508932
99561153
10439694
20551091
59561188
29561284
20555876
09561157
00446237
70471841
40511358
60568546
50316182
20546467
10568619
40316069
80533198
30533209
90281618
70559527
50465756
70381275
20476346
80599146
80588690
20588711
20498536
60291708
10320317
70320319
20390871
20501869
90282180
79418321
70421238
49325984
50282182
50282177
80423388
29303898
70466811
70492264
59581884
70337701
50596899
10590762
60532468
10457999
80569922
20517243
79483613
30477878
80415086
20440362
79929586
19399603
30489536
10489702
40224098
50597158
49571507
49428232
20483002
89428254
29428266
69428226
30498381
30458610
10480551
50554149
70554129
50493702
30532931
90532928
10532927
30590978
10517682
49336567
79437329
30263844
30508648
00477337
20477379
59483275
59572653
50263838
00263850
69017828
79287358
39287398
69281776
89598326
20596891
40533204
80596930
60477037
50444783
60596889
20468105
80517674
79561286
90322303
60517953
10101273
20624785
29596764
29600167
39554867
59553046
50505762
49483662
39571697
30433747
50550014
00290778
40370400
30370405
10617083
90614603
90614575
30446896
50591585
90591588
90439218
70479291
30591591
10590465
00590814
90590490
20590498
50452297
20434827
49581912
40104109
50450401
80520718
60571780
89388639
79437273
59534901
09388445
50477368
00381599
80508641
70477334
40594928
79483340
89581887
29281066
40596890
30596895
50466869
10596900
70596935
70596902
40603310
00280208
10428718
00459480
10533205
80541565
70412875
10466951
49216697
30321373
70280634
50589549
40568302
30593934
30394699
50356187
20568987
60485278
90503916
10543214
59619071
60239273
20415046
60291708
10320317
70320319
20390871
20501869
90282180
79418321
70421238
49325984
50282182
50282177
80423388
29303898
70466811
70492264
50371772
70371771
70487837
09534734
20517243
79483613
30477878
80415086
20440362
79929586
19399603
30489536
10489702
40224098
50597158
49571507
49428232
20483002
89428254
29428266
69428226
30498381
30458610
10480551
50554149
70554129
50493702
30532931
90532928
10532927
30590978
10517682
39554867
59553046
50505762
49483662
39571697
30433747
50550014
00290778
40370400
30370405
10617083
90614603
90614575
30446896
50591585
90591588
90439218
70479291
30591591
10590465
00590814
90590490
20590498
00487831
80496025
60496031
10458710
10458767
20487873
90487860
80520718
60571780
50559000
80548661
00573188
50474770
40534576
00541574
30381852
00381599
10321618
49515941
20586420
50517760
20320798
00321614
20320802
89406365
79546521
09590131
89515977
00428827
70325468
40596890
30596895
50466869
10596900
70596935
70596902
40603310
00280208
10428718
00459480
10533205
80541565
70412875
10466951
00589556
50446881
20503910
10395925
90514514
50589549
40568302
30593934
30394699
50356187
20568987
60485278
90503916
10543214
90263860
50275596
20521693
50275619
50275558
00263850
59182201
90292103
20459479
29303898
10412878
30568538
80599679
90599155
00526875
40546471
39561288
60559976
50420206
69596762
89600169
80398058
20420203
70613063
00485101
50571525
30628212
00434277
19546519
39216589
00515805
60446239
90282180
79418321
70421238
49325984
50282182
50282177
80423388
29303898
70466811
70492264
00486290
00307552
10581239
90348015
00612260
30238543
10531942
60460107
70238541
20238534
00508664
60508703
30508709
50508652
20508700
39581880
30508648
70292104
50321386
60249960
70337701
80477734
60163876
80455483
20521693
59182201
79929586
29929249
19399603
30489536
10489702
40224098
50597158
49571507
49428232
20483002
89428254
29428266
69428226
30498381
30458610
10480551
50554149
70554129
50493702
30532931
90532928
10532927
30590978
10517682
90477371
60477358
30477374
40523403
20530249
40477340
10477365
20440362
80541565
10321618
00320803
50320805
80534372
50568617
99393107
70568560
20610199
40599148
60610197
60599147
30446896
50591585
90591588
90439218
70479291
30591591
10590465
00590814
90590490
20590498
59581884
80589835
60511338
60601701
20446236
70548628
30518464
49217734
50559000
80548661
00573188
50474770
40534576
00541574
30381852
49581912
40104109
90275617
40407564
80533283
00542494
50450401
10596896
60596931
20596933
20578585
60569188
40518246
20530249
10286752
10321618
49515941
20586420
50517760
20320798
00321614
20320802
89406365
79546521
09590131
89515977
00428827
70325468
90508674
90477385
20492916
20541568
40541572
30601689
10399886
80620483
99326090
20518030
10148464
80148465
70454813
00454821
40535948
40454819
00589556
50446881
20503910
10395925
90514514
89581887
89483392
79483552
59581817
50263838
69017828
79287358
39287398
69281776
89598326
29281066
19483362
10596896
60596931
20596933
20578585
60569188
60532468
40518246
70613063
00485101
50571525
30628212
00434277
19546519
39216589
00515805
60446239
20521693
59182201
29929249
69929247
80599679
60596894
50480912
40596932
89596817
00343282
60334703
90427319
60427330
40427326
20521693
59182201
09483292
20436713
50477368
60530252
60494353
60484698
10231321
30472022
60364634
00501262
00321317
30321373
40431601
20430377
00583984
70280634
20566912
80508641
70477334
40594928
20477379
79483340
19483593
69578126
09483367
79572204
89483373
80596888
80047635
50387122
10531942
90387120
70387140
49217734
00589556
40568302
30394699
30593934
50356187
50446881
20503910
10395925
60485278
90514514
30508648
09581184
10574583
49568835
39581880
49490295
99306860
00577624
40404103
10390961
90356963
00336267
90333052
38006200
30511014
90473325
50333049
20530249
10286752
70613063
00573188
00485101
50571525
30628212
00434277
40534576
19546519
39216589
00515805
60446239
79546521
49217734
70261131
80263832
39581880
70454813
00454821
40535948
40454819
89483392
79483552
59581817
39483808
79017837
39017839
29485836
00508659
50552881
10448778
50614940
90559197
60552871
10444445
50448837
90448840
10596896
60596931
20596933
20578585
60569188
60532468
40518246
80599679
60596894
50480912
40596932
89596817
00343282
60334703
90427319
60427330
40427326
20568987
10552500
20508700
30357362
00448769
20448773
50448776
40462824
60494353
60484698
10231321
30472022
60364634
00501262
00321317
40431601
20430377
00583984
20566912
40541614
80583536
70541622
10538444
30506545
90290627
80471831
80596888
80047635
50387122
10531942
90387120
70387140
60494353
60484698
10231321
30472022
60364634
00501262
00321317
40431601
20430377
00583984
20566912
00577624
40404103
10390961
90356963
00336267
90333052
38006200
30511014
90473325
50333049
29399589
30217140
59929243
40217149
30219889
50217139
99929585
70221395
90217161
30217135
80539077
30289575
69399587
70539068
60539064
00536247
39581880
20510779
90504044
80485282
60488390
80477734
90356963
80336758
00336267
60526047
30492483
40540855
70528611
20584096
40488447
90500164
60528584
70528569
90528498
00508659
50552881
10448778
50614940
90559197
60552871
10444445
50448837
90448840
00577624
40404103
10390961
90333052
38006200
30511014
90473325
50333049
59385958
99929241
70217157
60217228
70489695
80291707
50277393
00277395
30511288
50286750
60568546
50316182
20546467
10568619
40316069
80533198
30533209
90281618
70559527
50465756
70381275
20476346
80599146
80588690
20588711
20498536
60508656
50596899
10590762
60532468
10457999
00321614
80569922
89483368
49280754
49280042
49572205
40477340
99581815
89483392
50286750
20596891
40533204
80596930
60477037
50444783
60596889
20468105
80517674
79561286
90322303
60517953
10101273
20624785
29596764
29600167
39287421
89287433
29287445
69217714
10552500
30357362
00448769
20448773
50448776
40462824
60508656
30568538
30568623
00526875
40546471
40537283
20610199
40599148
40103751
40103633
40430588
60603427
40528165
20291767
70548628
10543092
30320321
80291707
30320316
80390868
40485585
79281790
29287346
39483605
59217724
79280724
40477340
99581815
89483392
80599679
90599155
39561288
60559976
50420206
69596762
89600169
80398058
20420203
79582646
29581786
50582784
60488390
89388125
10430778
00424787
00487609
70464275
40467548
80591447
49459412
69287392
10552500
30357362
00448769
20448773
50448776
40462824
00486290
00307552
10581239
90348015
00612260
30238543
10531942
60460107
70238541
20238534
40586216
79582651
30543835
90563571
20593072
40459708
80407835
80499199
50405395
90478120
90103254
70583966
80104862
80345239
29581913
19581895
09581834
99483320
29483328
59581902
79483547
40103751
40103633
40430588
60603427
40528165
20291767
70548628
10543092
30320321
80291707
30320316
80390868
40485585
50568617
99393107
70568560
60610197
60599147
70405361
90404092
10405364
49581889
49017834
40520720
10515800
00571778
79582646
29581786
50582784
60488390
89388125
10430778
00424787
00487609
70464275
40467548
80591447
80589835
60511338
60601701
20446236
70548628
30518464
00320803
50320805
80534372
60596894
50480912
40596932
89596817
00343282
60334703
90427319
60427330
40427326
40586216
79582651
30543835
90563571
20593072
40459708
80407835
80499199
50405395
90478120
90103254
70583966
80104862
80345239
10596896
60596931
20596933
80548661
20578585
60569188
40518246
79563134
50531742
90311494
10383239
10311488
50574473
49582624
40586216
40593071
80501258
10531541
60531464
00377210
10511963
50492929
00540862
60583924
30601689
10399886
80620483
99326090
20518030
10148464
80148465
70405361
90404092
10405364
29483818
40551047
40520720
20592100
00571778
80596888
80047635
50387122
90387120
70387140
00320803
50320805
80534372
19483362
39387901
10286752
20521693
59182201
79563134
50531742
90311494
10383239
10311488
80597232
20458615
19275301
90641404
70609886
40103751
40103633
40430588
60603427
40528165
20291767
10543092
30320321
30320316
80390868
40485585
09483292
20436713
29483818
40551047
40520720
20592100
00571778
09388643
00540862
40601919
00540857
80601917
30540851
50554502
80518466
10492479
10531541
30559548
30554188
00509814
10554189
69581831
19483593
69578126
09483367
79572204
89483373
30540016
00215307
20393600
60549402
80336758
80566669
60526047
90504044
70336594
40395288
20584096
40488447
20588136
30493350
89483537
79619070
49494646
50529273
59581822
30508648
09581184
10574583
49568835
39581880
49490295
99306860
80597232
20458615
19275301
90641404
70609886
60561936
80405073
60163862
10448603
40593071
90301225
99484386
19578464
89388644
69525604
89571765
60415054
30456908
60477674
00415052
80415048
80593385
29612071
30342163
00487609
00138432
30433747
80541481
00515805
60531893
90550823
49217734
70261131
80263832
00540862
40601919
00540857
80601917
30540851
50554502
80518466
10492479
10531541
30559548
30554188
00509814
10554189
79483552
59581817
19534880
10496038
30540016
00215307
20393600
60549402
80336758
80566669
60526047
90504044
70336594
40395288
20584096
40488447
20588136
30493350
39483808
79017837
39017839
29485836
60568546
50316182
20546467
10568619
40316069
80533198
30533209
90281618
70559527
50465756
70381275
20476346
80599146
80588690
20588711
20498536
50596899
10590762
10457999
80569922
89483368
49280754
49280042
49572205
89561337
79571761
30309781
00329790
50480912
79515973
29515980
10401484
00320803
50320805
80534372
20596891
40533204
80596930
60477037
50444783
60596889
20468105
80517674
79561286
90322303
60517953
10101273
20624785
29596764
29600167
39287421
89287433
29287445
69217714
89385952
00586548
80450414
60573538
30540479
10442045
40459708
50348545
60565411
50591482
60163862
70540482
30568538
30568623
00526875
40546471
40537283
20610199
40599148
79281790
29287346
39483605
59217724
79280724
60322173
20420241
30480357
90599155
39561288
60559976
50420206
69596762
89600169
80398058
20420203
49459412
69287392
70242656
00528346
89527503
40519887
70152702
40152633
30152638
40242653
20152634
50512649
09217123
10444445
20423824
80471020
10448778
50448837
90448840
00486290
00307552
10581239
90348015
00612260
30238543
60460107
70238541
20238534
79483552
59581817
29581913
19581895
09581834
99483320
29483328
59581902
79483547
70454813
00454821
40535948
40454819
50568617
99393107
70568560
60610197
60599147
40541614
80583536
70541622
10538444
30506545
90290627
80471831
49581889
49017834
40520720
10515800
00571778
60641405
50610094
20592100
50609892
80597232
80589835
60511338
60601701
20446236
30518464
29399589
30217140
59929243
40217149
30219889
50217139
99929585
70221395
90217161
30217135
80539077
30289575
69399587
70539068
60539064
00536247
70609886
40449074
20458615
90641404
40551047
60596894
50480912
40596932
89596817
00343282
60334703
90427319
60427330
40427326
49483389
99581815
20510779
80485282
30492483
70528611
90500164
60528584
70528569
90528498
50574473
49582624
40586216
40593071
80501258
10531541
60531464
00377210
10511963
50492929
00540862
60583924
30601689
10399886
80620483
99326090
20518030
10148464
80148465
99929241
70217157
60217228
70489695
50277393
00277395
30511288
80596888
80047635
50387122
90387120
70387140
19483362
60568546
50316182
20546467
10568619
40316069
80533198
30533209
90281618
70559527
50465756
70381275
20476346
80599146
80588690
20588711
20498536
20528246
29483818
10437765
10286752
20510779
80485282
30492483
70528611
90500164
60528584
70528569
90528498
50596899
10590762
10457999
80569922
10477365
70405361
90404092
10405364
40103751
40103633
40430588
60603427
40528165
20291767
10543092
30320321
30320316
80390868
40485585
29487840
80263832
20488877
39483808
40503546
99483594
20596891
40533204
80596930
60477037
50444783
60596889
20468105
80517674
79561286
90322303
60517953
10101273
20624785
29596764
29600167
69581831
10508625
09581184
10574583
30568538
30568623
00526875
40546471
40537283
20610199
40599148
29516705
49217734
40291766
79483665
29494421
89483537
30477331
29494548
79483590
90599155
39561288
60559976
50420206
69596762
89600169
80398058
20420203
70477334
40477340
80455483
90301225
99484386
19578464
09483292
20436713
00486290
00307552
10581239
90348015
00612260
30238543
60460107
70238541
20238534
29581786
30263844
99484386
00526875
80520718
00381599
60571780
20530249
19483593
69578126
09483367
79572204
89483373
50568617
99393107
70568560
60610197
60599147
79536843
09216595
29303898
19275301
49568835
49490295
99306860
80589835
60511338
60601701
20446236
30518464
59444217
09537841
99444215
29581786
50405395
70617872
79515973
10321618
20320802
49515941
50517760
29515980
89406365
09590131
89515977
00428827
70325468
10401484
30381852
00320803
50320805
80534372
70261131
30601689
10399886
80620483
99326090
20518030
10148464
80148465
70261131
39483808
79017837
39017839
29485836
50531742
40296108
79017837
39017839
29485836
89385952
00586548
80450414
60573538
30540479
10442045
40459708
50348545
60565411
50591482
60163862
70540482
19483362
59582647
69590133
60586418
60569937
59515945
00440363
50554502
69281804
89017832
69217714
79281790
29287346
39047737
29487840
80263832
20488877
39483808
40503546
99483594
89613303
99392532
79582646
60322173
20420241
30480357
99326090
79562686
09290731
79418321
49325984
09336338
29303898
90578761
89495899
40434204
09213479
39181066
59573214
30330952
89483368
49280754
49280042
49572205
10508625
09581184
10574583
70242656
00528346
89527503
40519887
70152702
40152633
30152638
40242653
20152634
50512649
09217123
10444445
20423824
80471020
10448778
50448837
90448840
59516704
89521153
89032738
90552501
99553054
69571714
50510259
89549369
09895472
80489322
50614624
30614615
80489176
80614627
29547882
00329790
60515020
49562720
30477331
29494548
79483590
39287421
89287433
29287445
70454813
00454821
40535948
40454819
69575566
89602045
59533360
00205488
10595038
10541682
50461485
89243019
40505786
60568476
60448766
80094014
10428488
20444435
09325981
29326041
69326096
99336329
39290824
79291082
29336323
39483605
59217724
79280724
09483292
20436713
60641405
50610094
20592100
50609892
80597232
19323689
29516710
60508656
50356187
49459412
69287392
19483593
69578126
09483367
79572204
89483373
89575565
70609886
40449074
20458615
90641404
40551047
69336335
69508162
79534641
59183583
39090250
99181068
89904180
79553031
09122851
89561587
79602588
89563015
60580666
39563758
19563085
29562981
80461889
60531893
09284669
70446154
50286750
09216595
29581913
19581895
09581834
99483320
29483328
59581902
79483547
49568835
49490295
99306860
39444218
79582646
50582784
89388125
10430778
00424787
00487609
70464275
40467548
80591447
29515975
00508659
50446881
50552881
10437765
10448778
50614940
90559197
60552871
10444445
50448837
90448840
29580975
49581889
49017834
10515800
70261131
29617813
69617444
39460883
49325984
29613301
39563517
99563519
70610093
80485569
59275304
20528246
29483818
10437765
50574473
49582624
80501258
60531464
00377210
10511963
50492929
60583924
79017837
39017839
29485836
19620340
29604052
99611049
50427632
30419459
00335852
90610073
50458614
30309781
40493707
59385958
10477365
70405361
90404092
10405364
69281804
89017832
69217714
79281790
29287346
39047737
39561288
59561188
69596762
89600169
19575489
80614566
50290785
20308701
80308699
70488969
50298418
30609181
40614568
30596536
90609178
30424516
20487175
10560623
00555226
59572653
49582624
89483368
49280754
49280042
49572205
80419414
20427290
10610072
40479216
20594335
30548866
70343938
40394118
60562714
50343939
40342134
00477337
10508625
09581184
10574583
79483665
29494421
39287421
89287433
29287445
59590402
80528168
00479218
80427621
40442195
30394944
20419389
70477334
40477340
80455483
39483605
59217724
79280724
00592870
50595885
00594925
49580093
90614641
79308803
20530249
49459412
69287392
69581831
50327152
59308347
80529554
19275301
29581913
19581895
09581834
99483320
29483328
59581902
79483547
89483537
49478203
49613927
00440339
09217123
39216589
29581786
50405395
70617872
79444216
49581889
49017834
10515800
90301225
99484386
19578464
50589002
00556886
10292357
50580799
20527633
60460008
70433104
50544184
20540494
30452991
40065160
80066723
20372834
90066708
89406365
50531742
40296108
50574473
49582624
40593071
80501258
60531464
00377210
10511963
50492929
60583924
79515973
29515980
10401484
69590133
60586418
60569937
59515945
00440363
50554502
30320321
70405361
30477878
30320316
80390868
40485585
90404092
10405364
89385952
00586548
80450414
60573538
30540479
10442045
50348545
60565411
50591482
70540482
29487840
20488877
40503546
99483594
90578761
89495899
40434204
09213479
39181066
59573214
30330952
60322173
20420241
30480357
80574711
70449888
70594615
60501264
10448603
90552501
99553054
69571714
50510259
89549369
09895472
80489322
50614624
30614615
80489176
80614627
29547882
00329790
60515020
29483818
40551047
40520720
20592100
00571778
59590402
09581476
70242656
00528346
89527503
40519887
70152702
40152633
30152638
40242653
20152634
50512649
09217123
20423824
80471020
10492455
80596893
00596887
70596898
00205488
10595038
10541682
50461485
89243019
40505786
60568476
60448766
80094014
10428488
20444435
20517243
79483613
70515915
80415086
00592870
50595885
00594925
49580093
60641405
50610094
50609892
10443974
20278167
70286645
00138432
10601082
20423720
30219281
00580810
90610186
30324507
60278170
40314640
50324511
90286649
00314642
00596892
60531464
69581831
40449074
59183583
39090250
99181068
89904180
79553031
09122851
89561587
79602588
89563015
60580666
39563758
19563085
29562981
80461889
60531893
09284669
70446154
39483549
59590402
89483537
79582646
50582784
89388125
10430778
00424787
00487609
70464275
40467548
80591447
20528246
40540855
90301225
99484386
19578464
70610093
80485569
59275304
90543210
20516408
10387124
20523239
40516407
29561284
49596763
49561155
89596817
70242656
00528346
89527503
40519887
70152702
40152633
30152638
40242653
20152634
50512649
09217123
20423824
80471020
50427632
30419459
00335852
90610073
50458614
30309781
40493707
90534625
90473486
60641405
50610094
50609892
79483665
29494421
19575489
80614566
50290785
20308701
80308699
70488969
50298418
30609181
40614568
30596536
90609178
30424516
20487175
10560623
00555226
10559530
90610191
30602047
49610212
30590761
89561200
40537283
19504543
99577413
70547643
49578919
29504359
40449074
70617872
80419414
20427290
10610072
40479216
20594335
30548866
70343938
40394118
60562714
50343939
40342134
10602048
80568545
70457487
29491578
29157477
29575403
09505270
09405020
40296108
80528168
00479218
80427621
40442195
30394944
20419389
30596800
00494879
70515500
09544101
69308926
29501054
99550668
89505313
79308172
69590133
60586418
60569937
59515945
00440363
90614641
19483362
50601056
00596929
20110540
50586777
30474592
10404053
59157391
69158168
79157494
19320916
09581117
19338426
29254341
90578761
89495899
40434204
09213479
39181066
59573214
30330952
59460778
80529554
29581913
19581895
09581834
99483320
29483328
59581902
79483547
09440839
70102972
40522088
00295653
80300373
90295663
69505352
79483665
29494421
90552501
99553054
69571714
50510259
89549369
09895472
80489322
50614624
30614615
80489176
80614627
29547882
00329790
60515020
99519748
19606297
49478203
49613927
00440339
49581889
49017834
10515800
20362929
50628211
20607333
30555705
49254335
70617872
00205488
10595038
10541682
50461485
89243019
40505786
60568476
60448766
80094014
10428488
20444435
50589002
00556886
10292357
50580799
20527633
60460008
70433104
50544184
20540494
30452991
40065160
80066723
20372834
90066708
49216697
30321373
70280634
39565535
09604190
40296108
19920701
19254271
09026982
99463911
60291708
10320317
70320319
20390871
20501869
90596897
69590133
60586418
60569937
59515945
00440363
10401484
29254341
59183583
39090250
99181068
89904180
79553031
09122851
89561587
79602588
89563015
60580666
39563758
19563085
29562981
80461889
60531893
09284669
70446154
79504516
19588076
29487840
20488877
40503546
99483594
39554867
59553046
50505762
49483662
39571697
40472031
50550014
00290778
40370400
30370405
10617083
90614603
90614575
90578761
89495899
40434204
09213479
39181066
59573214
30330952
60342656
10446557
60591047
20420175
60591052
90420129
70610093
80485569
59275304
69550716
99308265
80574711
70449888
70594615
60501264
10448603
90552501
99553054
69571714
50510259
89549369
09895472
80489322
50614624
30614615
80489176
80614627
29547882
00329790
60515020
50427632
30419459
00335852
90610073
50458614
30309781
40493707
20543157
90519917
80568989
60522488
99440496
99627578
59537023
49537066
39399112
59545221
19545204
39545236
19399033
49519963
39338425
10492455
80596893
00596887
70596898
79424162
59409129
49401218
39400587
00205488
10595038
10541682
50461485
89243019
40505786
60568476
60448766
80094014
10428488
20444435
19575489
80614566
50290785
20308701
80308699
70488969
50298418
30609181
40614568
30596536
90609178
30424516
20487175
10560623
00555226
79401212
80529375
00528662
70528593
60488366
60529376
00428993
00527238
50529230
70529229
10529374
49504339
10443974
20278167
70286645
00138432
10601082
20423720
30219281
00580810
90610186
30324507
60278170
40314640
50324511
90286649
00314642
00596892
99399920
69424148
89400603
89399497
19401125
49254335
80419414
20427290
10610072
40479216
20594335
30548866
70343938
40394118
60562714
50343939
40342134
89401221
99401211
69399356
90446563
10257660
40509181
70466793
40309573
80444442
89614939
29614942
59483275
09409117
39392568
59183583
39090250
99181068
89904180
79553031
09122851
89561587
79602588
89563015
60580666
39563758
19563085
29562981
80461889
60531893
09284669
70446154
80528168
00479218
80427621
40442195
30394944
20419389
59399427
99409132
59392572
20316046
00338412
80338413
00226315
70032451
09392584
70610093
80485569
59275304
59401128
90614641
69399342
49399319
40497395
50504692
40031373
90474438
40334921
10492479
90543210
20516408
10387124
20523239
40516407
99399331
50427632
30419459
00335852
90610073
50458614
30309781
40493707
29392408
80529554
49409120
60485283
30591039
70466364
30328534
10466362
90534625
90473486
39399310
89483537
19575489
80614566
50290785
20308701
80308699
70488969
50298418
30609181
40614568
30596536
90609178
30424516
20487175
10560623
00555226
49478203
49613927
00440339
40503914
00612255
80400004
40309686
10591059
10185593
90503921
40432479
70370856
10559530
90610191
30602047
49610212
30590761
89561200
80419414
20427290
10610072
40479216
20594335
30548866
70343938
50348545
10442045
40394118
60562714
50343939
40342134
39581861
50589002
00556886
10292357
50580799
20527633
60460008
70433104
50544184
20540494
30452991
40065160
80066723
20372834
90066708
00596934
49596763
50610193
10602048
80568545
70457487
80528168
00479218
80427621
40442195
30394944
20419389
99395936
09399439
80400042
40400044
60454899
89325963
00592870
30449908
50319029
00450088
30514791
29600836
79498493
50474770
30596800
00494879
70515500
00541574
29477191
19399924
90614641
59399917
80574711
70449888
70594615
60501264
09326099
49562720
39290824
79291082
69325469
99509438
09588680
50601056
00596929
20110540
50586777
30474592
10404053
80529554
39432692
20436713
80263832
10492455
80596893
00596887
70596898
49392394
19418324
00320799
20320312
80569941
60485594
50320320
09440839
70102972
40522088
00295653
80300373
90295663
49478203
49613927
00440339
79399474
59401227
49399296
69281804
89017832
69217714
79281790
29287346
39047737
10443974
20278167
70286645
00138432
10601082
20423720
30219281
00580810
90610186
30324507
60278170
40314640
50324511
90286649
00314642
00596892
29326041
59326025
10520892
89400599
49399475
20362929
50628211
20607333
30555705
69399304
89392486
50589002
00556886
10292357
50580799
20527633
60460008
70433104
50544184
20540494
30452991
40065160
80066723
20372834
90066708
89483368
49280754
49280042
49572205
30454674
19628039
49128945
39501317
09619342
59337670
09553459
59444397
29331900
39287421
89287433
29287445
90596897
80574711
70449888
70594615
60501264
10448603
89503272
89454714
90543210
20516408
10387124
20523239
40516407
39483605
59217724
79280724
19252366
29515975
99445451
19445469
49416012
80400042
40400044
60454899
89325963
00592870
30449908
50319029
00450088
30514791
10492455
80596893
00596887
70596898
89424468
49459412
69287392
80335909
90569926
90534625
90473486
09326099
49562720
39290824
79291082
69325469
10443974
20278167
70286645
00138432
10601082
20423720
30219281
00580810
90610186
30324507
60278170
40314640
50324511
90286649
00314642
00596892
10559530
90610191
30602047
49610212
30590761
89561200
90301225
19578464
30493350
20433936
00533574
00395619
40610607
70186660
80600852
20608403
30508403
10470991
10156109
30270142
29513919
19418324
00320799
20320312
80569941
60485594
50320320
69491331
99504474
10602048
80568545
70457487
40426341
00407556
10510826
50497696
79577560
40559492
70513412
40407559
60546578
30521800
19254332
29326041
59326025
10520892
30596800
00494879
70515500
79399596
09252480
99508207
59610122
90543210
20516408
10387124
20523239
40516407
30454674
39533441
49503250
50601056
00596929
20110540
50586777
30474592
10404053
59501222
10217240
30554188
70532062
80518466
60455059
10554189
90534625
90473486
10286752
09440839
70102972
40522088
00295653
80300373
90295663
09424467
10559530
90610191
30602047
49610212
30590761
89561200
29515975
39254996
39216589
20362929
50628211
20607333
30555705
09252791
59513102
49252765
79506073
19177857
10602048
80568545
70457487
79563134
30477331
20320798
20586420
80335909
90569926
50217238
60219897
50217182
40523827
00549546
20307481
80549547
40618142
20621598
30596800
00494879
70515500
30493350
20433936
00533574
00395619
40610607
70186660
80600852
20608403
30508403
10470991
10156109
30270142
00592870
50595885
00594925
49580093
90596897
30462792
70556374
50297555
90346752
30586033
60589879
50601056
00596929
20110540
50586777
30474592
10404053
40426341
00407556
10510826
50497696
79577560
40559492
70513412
40407559
60546578
30521800
09483292
20589536
60342656
10446557
60591047
20420175
60591052
90420129
70586074
60583429
40583430
19513123
29177574
59177902
49508238
09440839
70102972
40522088
00295653
80300373
90295663
79399596
69581831
70522478
20543157
90519917
80568989
60522488
39308923
29308829
99308816
20362929
50628211
20607333
30555705
49216697
10217240
30554188
70532062
80518466
60455059
10554189
80529375
00528662
70528593
60488366
60529376
00428993
00527238
50529230
70529229
10529374
30602090
70569220
10597706
50297881
79508232
89406365
10070262
90446563
10257660
40509181
70466793
40309573
80444442
40597173
40291691
59439857
90596897
20316046
00338412
80338413
00226315
70032451
69521093
20520354
70568720
40503546
80532009
30520358
60568725
80503549
30381852
60515020
00459480
10395925
70032451
10466951
50217238
60219897
50217182
40523827
00549546
20307481
80549547
40618142
20621598
20589536
60342656
10446557
60591047
20420175
60591052
90420129
29566253
20594175
40497395
50504692
40031373
90474438
40334921
20466719
10471839
50252397
70586026
60586022
30462792
70556374
50297555
90346752
30586033
60589879
70522478
20543157
90519917
80568989
60522488
60485283
30591039
70466364
30328534
10466362
29613424
69613422
19564674
19564688
69578126
20396745
80104862
90103254
80345239
70586074
60583429
40583430
80529375
00528662
70528593
60488366
60529376
00428993
00527238
50529230
70529229
10529374
40503914
00612255
80400004
40309686
10591059
10185593
90503921
40432479
70370856
49614941
29614937
89581118
79581114
39581427
30590445
70590448
50486339
89613303
90446563
10257660
40509181
70466793
40309573
80444442
00596934
49596763
50610193
50560065
20560806
60541477
30593769
30555282
80541481
10593812
90132261
30602090
70569220
10597706
20316046
00338412
80338413
00226315
70032451
40562545
60383519
10595420
80400042
40400044
60454899
89325963
30449908
50319029
00450088
30514791
70570940
70572208
70582622
50592194
50600387
80587073
80607820
80517688
29604434
19550969
29604127
69574915
79602625
20594175
40497395
50504692
40031373
90474438
40334921
19521095
39534836
60529277
40593882
10489311
80528470
00593884
00489302
70528461
20489278
39507734
99513096
09326099
49562720
39290824
79291082
69325469
50570955
10561811
90561807
80262187
70591136
30502260
29580763
79580765
60485283
30591039
70466364
30328534
10466362
79580751
39587599
89329956
30426285
10557630
19418324
00320799
20320312
80569941
60485594
50320320
20466719
10471839
50252397
70586026
60586022
40503914
00612255
80400004
40309686
10591059
10185593
90503921
40432479
70370856
29326041
59326025
10520892
39580753
50555281
80610889
90576352
70494710
90550210
89580755
19437172
20396745
80104862
90103254
80345239
00596934
49596763
50610193
39554565
89589275
19587755
69571281
29459413
89578922
39578953
89112829
69457332
20383521
30454674
20601010
00555863
60383519
10595420
80400042
40400044
60454899
89325963
30449908
50319029
00450088
30514791
30590445
70590448
50486339
70595417
60431073
29516705
40593815
09326099
49562720
39290824
79291082
69325469
50560065
20560806
60541477
30593769
30555282
80541481
10593812
90132261
29533031
29515975
70590981
70598779
70570959
10485577
50531006
89297130
30426285
10557630
19418324
00320799
20320312
80569941
60485594
50320320
70570940
70572208
70582622
50592194
50600387
80587073
80607820
80517688
29581786
59614295
79533236
69583217
80335909
90569926
29604052
99611049
19620340
39602694
90605043
90570963
10617931
40590930
29326041
59326025
10520892
50570955
10561811
90561807
80262187
70591136
30502260
59516704
20433936
00533574
00395619
40610607
70186660
80600852
20608403
30508403
10470991
10156109
30270142
90610092
50609887
20383521
30454674
40426341
00407556
10510826
50497696
79577560
40559492
70513412
40407559
60546578
30521800
99590259
79568891
69589950
70595417
60431073
49582624
50555281
80610889
90576352
70494710
90550210
39272655
79399596
40217149
30219889
50217139
70221395
90217161
30217135
80539077
30289575
69929247
70539068
60539064
00536247
59589007
69112830
09509433
29515975
20601010
00555863
79582646
39546877
29399589
30217140
59929243
99929585
69399587
80335909
90569926
40593815
10217240
70532062
60455059
79582694
60597959
50600293
70590981
70598779
70570959
10485577
50531006
20433936
00533574
00395619
40610607
70186660
80600852
20608403
30508403
10470991
10156109
30270142
10489537
29614287
20609884
69575566
90605043
90570963
10617931
40590930
40426341
00407556
10510826
50497696
79577560
40559492
70513412
40407559
60546578
30521800
70489695
40489705
20489706
89575565
79536843
10590494
10537656
70350113
10575064
50343005
69604045
90610092
50609887
79399596
99602016
09574895
79573270
89602007
80469277
50492929
10305798
30489796
50217238
60219897
50217182
40523827
00549546
20307481
60217228
80549547
40618142
20621598
90586488
20591600
20591756
39608262
10217240
70532062
60455059
09534673
39534879
40597149
30597159
30462792
70556374
50297555
90346752
30586033
60589879
29578133
59574218
39578241
69463601
89590716
20327945
20542172
40333587
80499199
70524707
10489537
70586074
60583429
40583430
10572206
40489705
20489706
19589740
70586026
60586022
50590760
69583217
30064849
80098516
10099289
09596816
70246744
60597959
50600293
10305798
30489796
50217238
60219897
50217182
40523827
00549546
20307481
80549547
40618142
20621598
09500791
29500907
09500890
30602090
70569220
10597706
59483534
49483539
69484081
59483529
90474768
20609884
40597149
30597159
30462792
70556374
50297555
90346752
30586033
60589879
69521069
49581865
39483530
60555704
70628210
10590494
10537656
70350113
10575064
50343005
70586074
60583429
40583430
59501199
30564012
90457486
90586488
20591600
20591756
39608262
49047548
19515056
89492768
49581182
59581822
29538062
70586026
60586022
69521069
09581184
20466719
10471839
50252397
20327945
20542172
40333587
80499199
70524707
79534641
39597777
30602090
70569220
10597706
89501065
20396745
29487840
20488877
99483594
10572206
10320789
20591841
40569943
40569924
40597173
30590445
70590448
50486339
79483665
80256940
40257296
60509142
30509153
10263232
20509177
10543214
59533360
79480817
79575434
79573270
50560065
20560806
60541477
30593769
30555282
80541481
10593812
90132261
20543157
90519917
80568989
60522488
19564481
39574177
09589608
09460846
09539213
29576563
20466719
10471839
50252397
70570940
70572208
70582622
50592194
50600387
80587073
80607820
80517688
50589549
90446563
10257660
40509181
70466793
40309573
80444442
79605389
29911715
89576466
79455733
00569389
20396745
50570955
10561811
90561807
80262187
70591136
30502260
80529375
00528662
70528593
60488366
60529376
00428993
00527238
90420129
50529230
70529229
10529374
20420175
20519888
30590445
70590448
50486339
09590409
20316046
00338412
80338413
10446557
00226315
60342656
70032451
50560065
20560806
60541477
30593769
30555282
80541481
10593812
90132261
50555281
80610889
90576352
70494710
90550210
40591784
60537734
70483274
00589269
70570940
70572208
70582622
50592194
50600387
80587073
80607820
80517688
20601010
00555863
60591047
50404027
30404028
50404032
70404026
10257306
70503917
89017827
59017838
69590642
40561862
50570955
10561811
90561807
80262187
70591136
30502260
40593815
19483606
70331394
20471141
80516778
80407114
30489027
40584081
09309698
50335618
70590981
70598779
70570959
10485577
50531006
60485283
30591039
70466364
30328534
10466362
50555281
80610889
90576352
70494710
90550210
90605043
90570963
10617931
40590930
70597794
99611049
19620340
49604051
70311697
20430382
50437626
00508536
10265293
40477397
90477352
60511338
70343938
50519764
90510894
29406368
49217381
20601010
00555863
90610092
50609887
90507844
70628210
00588873
10514358
80507793
80571524
20613065
60511362
99561153
79561804
40593815
20426808
40427005
00426814
20265301
60555704
29596764
09596760
70590981
70598779
70570959
10485577
50531006
20477398
20477355
60446239
70466811
30564012
40295439
30439117
90605043
90570963
10617931
40590930
30528632
00258882
50600293
10424353
70541429
90610092
50609887
30200253
70586470
60597959
80256940
40257296
60509142
30509153
10263232
20509177
20591600
20609884
00589269
19275301
10590494
10537656
70350113
10575064
50343005
59275304
50404027
30404028
50404032
70404026
10257306
70503917
50600293
09010981
89437060
69437056
59554970
19332090
50534378
30570414
40569943
40448437
10534375
90586488
20591756
39608262
70331394
20471141
80516778
80407114
30489027
40584081
60597959
79527829
29528534
69528443
49521602
59514012
20591841
19590135
20327945
20542172
40333587
70524707
29521373
59528453
89528625
29521325
69528400
79516755
70597794
99611049
19620340
49604051
70311697
20430382
50437626
00508536
20591600
20609884
79554667
69544179
89547167
39547674
99547275
09322341
90531764
59547507
10535092
99336329
29336323
09336338
10572206
90507844
00588873
10514358
80507793
80571524
20613065
60511362
10590494
10537656
70350113
10575064
50343005
59521729
09528455
79528598
09521326
49528444
40321631
79562686
10465739
60537654
50590760
69583217
30064849
80098516
10099289
00535115
79521139
49578405
89528545
19521401
69516765
99568277
89528461
90586488
20591756
39608262
99571294
49521372
89528512
29406368
19564481
50335618
49217381
90474768
49568835
49490295
99306860
49514022
99528494
09528605
49571282
09528511
49514017
30528632
00258882
20327945
20542172
40333587
70524707
39581861
60555704
70628210
00535064
29514018
69521366
29494548
79483590
50535085
99578441
49521621
69521540
30200253
70586470
39521612
99568343
49528463
19514071
69521333
10572206
30564012
90457486
99395936
29521194
89547030
19546699
49529976
50590760
69583217
79515973
30064849
80098516
10099289
90535093
69521328
79528536
69521234
89513964
09521265
19528624
79521262
10568308
50534378
30570414
40448437
10534375
90474768
09554656
89547520
59336519
69547936
89579016
49463353
69287392
19507315
89606326
10320789
20591841
40569943
40569924
40497395
50504692
40031373
90474438
40334921
10492479
19521378
59529971
39521565
29521330
79568339
60555704
70628210
19590135
59533360
79480817
79575434
79573270
99553049
90510262
89553040
49549093
79549082
20344737
10509125
70433364
30214504
60524656
09547473
19322430
29557772
30564012
90457486
00535083
99336329
29336323
09336338
69528527
50534378
19564481
30508709
00508664
30508667
50508652
59385958
89521327
59521362
09521543
89521332
49516766
40321631
79562686
10465739
60537654
09514038
79528452
10408273
00449877
69575566
30493699
30535091
89521313
29515980
10320789
20591841
40569943
40569924
39581861
10535087
20519888
10462830
60444438
40334916
79308172
90476343
30444454
00534432
60136623
59533360
79480817
79575434
79573270
99395936
79513993
49521391
50534378
19564481
09514000
29521603
59528537
60391661
30512810
99553049
90510262
89553040
49549093
79549082
20344737
10509125
70433364
30214504
60524656
79484387
59622827
09494549
89484080
20519888
30508709
00508664
30508667
50508652
59385958
19528596
50335618
10408273
00449877
69575566
30493699
69615751
90506547
20290621
00471825
10462830
60444438
40334916
79308172
90476343
30444454
00534432
60136623
20538453
70290628
60381006
30471843
29406368
49217381
09277843
30541619
30491087
79561804
19399603
59929243
60391661
30512810
50335618
29929249
29399589
80541631
90314609
29494421
79399030
89509028
69399002
99521096
40295439
30439117
09578228
19417701
79628017
69495923
49515941
79515973
20538453
90506547
90369507
39533441
49503250
29406368
49217381
19442654
49216697
10424353
70541429
20290621
00471825
19628039
89424468
79561804
80256940
40257296
60509142
30509153
10263232
20509177
99588992
99614948
59444397
99445451
19445469
49416012
29331900
40591717
60592221
29604052
90582758
69604045
20559172
00589269
69574958
59554475
19329894
19329870
99329852
99551583
30471843
30541619
30491087
40295439
30439117
70454083
80215308
70396390
50331385
20390970
20390951
90396389
50297485
50404027
30404028
50404032
70404026
10257306
70503917
09424467
90418876
20418889
30397481
90439218
80291707
50531742
90311494
10383239
10311488
50205725
59337670
39501317
49128945
19553454
80541631
90314609
10424353
70541429
20273184
10581767
00559154
40537725
00537727
30470481
70331394
20471141
80516778
80407114
30489027
40584081
80591715
59308333
29177574
59177902
29178074
10327154
50205424
00221450
10205628
99308265
80256940
40257296
60509142
30509153
10263232
20509177
29329860
49329878
70597794
99611049
19620340
49604051
70311697
20430382
50437626
00508536
09553459
29252865
89177665
19252366
49252765
79177642
59513102
69502674
00589269
90418857
60205490
20568614
00461510
00461483
70356073
50568603
00565230
90507844
00588873
10514358
80507793
80571524
20613065
60511362
79581859
39483318
00568498
20475257
40562545
39507734
99513096
09252791
99508207
69252769
50404027
30404028
50404032
70404026
10257306
70503917
20595047
80568475
19519224
00558507
80562534
60418811
79308172
90303106
19385960
60561936
10559257
30405042
40528900
10550011
00595350
59605130
69581911
49581813
89581849
69581906
99449717
99519927
99530128
39330250
00595190
29589853
69551589
19470227
59297184
29604052
90582758
69604045
20559172
29604127
69574915
79602625
50559161
70331394
20471141
80516778
80407114
30489027
40584081
79582694
70444956
20466366
20584015
80466368
70567853
30528632
00258882
99483532
29513919
80215308
70396390
50331385
20390970
20390951
90396389
50297485
60591716
70597794
99611049
19620340
49604051
70311697
20430382
50437626
00508536
40582124
50259921
89613303
60578791
00259914
10404091
80583616
99392532
80096372
50591934
30200253
70586470
40558478
80526739
90454082
39269120
59269119
49587122
50591726
00592219
19473607
99589798
99589072
09587336
99551578
19569737
69491331
90507844
00588873
10514358
80507793
80571524
20613065
60511362
30231315
80583923
50586292
70520926
89404168
39587071
09483367
10485049
10450554
70568579
30570414
40448437
10534375
80601050
99604058
60347847
00461505
50205495
09252480
29509149
30528632
00258882
19590135
10534337
49537759
49587909
79586748
90303106
19385960
60561936
10559257
30405042
40528900
10550011
09619342
50591934
30200253
70586470
99336329
29336323
09336338
10205096
50397499
40624044
10515466
79582694
70444956
20466366
20584015
80466368
10568493
30327153
99628035
40321631
79562686
10465739
60537654
59501222
40582124
50259921
89613303
60578791
00259914
10404091
80583616
99392532
80096372
30595042
79252858
30570414
40448437
10534375
00397487
40581761
20273179
60454093
10559158
30595179
40595188
40592217
10549367
20461509
09460790
89503272
30231315
80583923
50586292
70520926
79508232
20526737
19590135
10356090
10470496
20470047
60543004
10217141
40456757
30543010
70543013
60604709
10356085
80601050
99604058
60347847
79506073
19177857
99336329
29336323
09336338
20219936
30564875
10070262
10534337
40485043
40568585
60418849
40321631
79562686
10465739
60537654
10602166
39329874
40624044
10515466
30568468
20265301
10265293
70117172
00416315
50549365
20528878
90304889
50495391
40592825
50404150
89455997
00315726
20600850
80610747
60610748
40600868
40395617
60289946
40371254
30349490
00395624
30395627
80509971
40567840
69555808
59607370
79555761
89607383
09607382
10549367
59610122
20595373
70562544
10461500
69404348
69404089
99465774
99491527
59600830
70533575
90155870
80334127
90621825
50494792
80502922
70124262
30504607
90046843
30542379
20470047
60543004
10217141
40456757
30543010
70543013
60604709
39611957
20595165
69587569
40533586
00591719
90606797
40414079
80595898
00533588
60175092
50533576
80457774
20406297
40597173
90595039
29506056
39501077
20219936
30564875
40331852
80562548
20265301
10265293
50621827
10346765
30586684
20562508
50567830
30598639
60178769
10602166
70290628
20404156
80537733
00315726
20600850
80610747
60610748
40600868
40395617
60289946
40371254
30349490
00395624
30395627
30595358
90508508
10592803
70117172
00416315
50549365
20528878
90304889
50495391
40592825
30595056
99538964
70533575
90155870
80334127
90621825
50494792
80502922
70124262
30504607
00562528
30597159
50532261
00591408
80509971
30591690
39459375
30327134
59310500
09574145
79588460
30205420
40533586
00591719
90606797
40414079
80595898
00533588
60175092
50533576
80457774
20406297
20461496
49449946
50461503
40568590
80417815
80597190
90581749
90046843
30542379
59622634
49424130
19581956
50621827
10346765
30586684
20562508
40461508
40568613
59308347
50597177
50078746
59589781
49405037
79482897
89489884
49399036
59537023
49537066
39399112
59545221
19545204
39545236
19399033
49269737
09470237
89482830
19482819
39443054
49443039
29269743
59443388
69622662
90508508
10592803
00568479
40526736
70430780
80527239
00567856
20568464
20205091
49470297
50567830
30598639
60178769
30581771
30273188
30559157
50454102
70397484
00205087
20499606
00539972
80568588
30205726
30499253
20431560
29516705
60423822
60205089
50568491
79548916
30597159
50532261
00591408
49561155
50595055
80595681
60520903
70540019
70510885
80564104
00541526
89527503
09217123
30404170
79404687
80417815
80597190
20591695
19469380
79577466
19483593
79572204
89483373
20567841
30540016
00215307
20393600
60549402
80566669
70336594
40395288
20588136
19457725
50597177
50078746
79491825
29491696
00470492
70595361
00221049
80568593
69587296
30271491
60527749
90581773
60581760
69449813
19449919
70430780
80527239
60568594
89483542
30595377
89605204
50562535
90563571
80405073
30543835
09605496
79577070
90581754
49561155
20499606
00539972
60599152
90568620
70555096
30213552
19507179
99204258
30499253
20431560
29516705
60423822
80487813
00275848
80502998
60481204
00496350
40553616
29443653
50481172
40255462
69466609
30271491
60527749
80595681
60520903
70540019
70510885
80564104
00541526
19509215
60205433
30465489
80607311
00555603
60414078
00623292
40623290
50586409
30409846
00404157
20595189
89561304
30558916
49604013
79610121
79388060
20513481
30540016
00215307
20393600
60549402
80566669
70336594
40395288
20588136
10505783
10595175
40548861
50370409
60540864
00342876
79280738
49278237
00595369
40581756
40595372
60599152
90568620
70555096
30213552
40601919
00540857
80601917
30540851
30559548
00509814
10505778
40450562
70541684
20565229
39587151
40255462
70463600
50297881
40305971
70529210
30238859
80557028
60263588
99308265
60465751
10528628
00465754
20568497
00526639
40461481
80427268
30427628
99574495
80607311
00555603
60414078
00623292
40623290
50586409
30409846
90563571
80405073
30543835
29275471
90477743
50581765
40505767
79516703
40548861
50370409
60540864
00342876
80562529
49460689
50461485
10357546
10595038
10551077
99329890
69329981
00450578
29604052
90582758
69604045
20559172
80215308
70396390
50331385
20390970
20390951
90396389
50297485
10559144
80454092
30273193
80427268
30427628
89561304
30558916
49604013
79610121
79388060
20513481
20505773
99587898
80252112
69606148
79509335
89600616
50591482
50238858
80607373
19336516
19323689
10327149
20505768
40601919
00540857
80601917
30540851
30559548
00509814
29604052
90582758
69604045
20559172
30463517
00568568
40595348
19466225
90559135
30454080
90559965
40300662
20503547
29576186
80215308
70396390
50331385
20390970
20390951
90396389
50297485
79536843
90303106
19385960
10559257
30405042
40528900
10550011
20470472
89574491
00595171
09577078
39308923
79308803
29308829
99308816
90477743
60405451
30509563
60576240
40154401
70583966
79582694
70444956
20466366
20584015
80466368
30568581
00505774
10551077
29562491
40582124
50259921
89613303
60578791
00259914
10404091
80583616
99392532
80096372
30541695
40418794
10559163
90559965
00586548
89385952
30540479
70540482
80504935
00566734
30231315
80583923
50586292
70520926
19320978
79468716
59320896
59464031
59458252
99465972
39574177
29578133
09589608
39578241
09460846
09539213
29576563
50558473
40234436
30567845
60526735
80327141
60163862
90303106
19385960
60561936
10559257
30405042
40528900
60322173
10550011
20516229
70565854
80556401
40574435
80601050
99604058
60347847
30581747
30595160
00418852
30356070
00568605
20595368
70595059
80450414
60573538
60565411
50575905
60547974
70591612
20510736
80604906
00537652
70585606
60501259
90596901
00595034
30461486
09509334
70463600
30463517
40305971
00568568
40595348
50297881
19466225
99308265
10528628
69588856
79582694
70444956
20466366
20584015
80466368
20052187
30495207
00517017
50569315
40592825
30550213
60528876
90556491
10595161
79536843
00205501
49530084
40582124
50259921
89613303
60578791
00259914
10404091
80583616
99392532
80096372
20548918
10548886
60459118
80601998
50578895
40465771
50213546
50519764
59481894
00205488
10541682
10595038
80562529
10205421
60405451
30509563
60576240
40154401
70583966
09588411
40356079
59490643
30231315
80583923
50586292
70520926
30568473
10397496
40327138
50327147
20205492
80221045
30356051
69562494
09284650
20420241
30480357
50219893
80070763
00548882
40553715
60595192
80504935
00566734
79483298
09396426
39284998
90392046
10234942
90409872
40337694
50409874
80601050
99604058
60347847
30548932
70286773
60286764
70286768
90346766
30286770
00525611
40541690
00475258
20516229
70565854
80556401
40574435
19578138
69550716
39254996
00327140
40568496
99494724
90596901
79536843
10534337
50575905
60547974
70591612
20510736
80604906
00537652
70585606
60501259
19449957
79449761
50595178
20052187
30495207
00517017
50569315
40592825
30550213
60528876
79548916
60579229
50405418
30405419
60405390
60405451
30509563
60576240
20513481
40154401
79388060
90556491
30505758
60562525
10562542
20548918
10548886
60459118
80601998
50578895
40465771
50213546
50519764
39483337
69483289
39563131
50512376
20569133
60497078
20495415
59481894
20561858
50569141
20550204
90562524
10352351
00548882
40553715
10595712
20203563
50219893
80070763
89577545
99291745
29603316
69603404
30548932
70286773
60286764
70286768
90346766
30286770
00525611
30559119
20593454
49596763
49561155
80504935
00566734
79458623
99443225
39458955
99574264
49468020
09574206
99443230
79536843
10534337
90601417
00363171
59483317
00396416
90440764
30557078
20516229
50567830
70565854
80556401
40574435
60568481
50405418
30405419
60405390
60405451
30509563
60576240
20513481
40154401
79388060
90602049
80010222
89590716
50544179
40459992
50468104
50575905
60547974
70591612
20510736
80604906
00537652
70585606
60501259
79548916
60579229
89550616
69329839
69329801
30450553
60568527
90556491
50512376
20569133
60497078
20495415
99565518
49538768
29491719
69530097
40102978
17228340
59481894
20561858
50569141
20550204
70526631
20356080
40568608
89587238
40604116
40371254
10595712
20203563
99142430
40591703
10568488
00470487
19563580
79534641
90565513
80504935
00566734
20477398
20477355
20593454
49561155
70454078
00591696
69550491
20516229
50567830
70565854
80556401
40574435
30568604
10205483
99463044
70599646
90599645
59581501
09581476
00291928
50213546
60291930
00602567
40597173
00556848
10493978
30564856
20491040
10538444
10515466
60495593
70583396
60583392
40514823
70426801
80495592
50426840
90440764
30557078
49561339
09017826
29391786
99459933
69462734
10205529
50575905
60547974
70591612
20510736
80604906
00537652
70585606
60501259
70602050
50599157
30540728
10462830
20476351
90476343
40334916
60444438
80605133
30444454
30448777
90602049
80010222
89590716
50544179
40459992
50468104
60454088
70454101
00470473
30537716
90556491
20610552
40222607
30271491
90271493
90454001
50427420
20569029
30573120
69466888
99455586
89605968
60568527
70418858
59481894
80606095
90606090
40606101
70598637
20493001
40381253
20400304
80381294
40381286
40381291
90381284
80552889
70205526
40102978
17228340
30407814
60233426
10565852
40609152
70579870
50527354
60601348
10609907
50595442
30609906
50609905
70387258
70476363
87077700
10152875
10225952
20565856
80233430
10581772
10538383
40538447
40604116
40371254
99509400
79509359
49509426
00568610
20477398
20477355
09596760
20448834
20334922
00537713
10331858
60331865
00602567
00556848
10493978
30564856
20491040
10515466
60495593
70583396
60583392
40514823
70426801
80495592
50426840
80594634
80552035
30615120
50615119
00273199
70599646
90599645
59581501
09581476
00291928
50213546
60291930
80595370
10462830
20476351
90476343
40334916
60444438
80605133
30444454
30448777
60444457
80448831
70602050
50599157
30540728
50427420
20569029
30573120
90521915
10492276
30538792
40619882
90604350
30500355
20538721
80198295
20203563
50569141
40203557
50568580
39579047
20610552
40222607
30271491
90271493
90454001
70581774
70273191
90454096
20470486
60291746
80552889
80606095
90606090
40606101
70598637
20493001
40381253
20400304
80381294
40381286
40381291
90381284
79577560
10610109
10538383
40538447
40477397
90477352
90510894
30407814
60233426
10565852
40609152
70579870
50527354
60601348
10609907
50595442
30609906
50609905
70387258
70476363
87077700
10152875
10225952
20565856
80233430
90205484
20448834
20334922
39483549
49483389
09596760
29539325
39539339
89274435
79464228
29467385
30581766
60559151
70454097
89450037
39310011
90465245
20480013
69521069
49581865
39483530
80594634
80552035
30615120
50615119
30526633
70461489
60444457
80448831
20519888
10320789
40569924
39581861
00591700
50552503
99553049
90510262
89553040
79549082
20344737
10509125
09549033
70433364
30214504
60524656
50595376
60610550
80504049
00610548
40477397
90477352
90510894
59530125
50568472
60291746
10408273
00449877
69575566
30493699
69449870
59437194
60604120
00497222
00485040
09578959
39483549
49483389
10610109
79308172
00534432
60136623
00329040
80377937
29483535
69581888
29483540
69521069
89589609
59601684
90444432
30270401
70429003
90498528
39581861
10470482
90465245
20480013
10404166
60391661
30512810
20213576
59589093
19588137
00440768
20599154
30064849
80098516
10099289
50552503
99553049
90510262
89553040
79549082
20344737
10509125
09549033
70433364
30214504
60524656
19515056
20489297
49547881
10489231
60538205
30538198
40538206
69539253
10408273
00449877
69575566
30493699
60610550
80504049
00610548
69338546
80421247
80295526
19588076
24524485
79308172
00534432
60136623
60604120
00497222
69274460
10595359
80430591
10568600
69915919
09455996
09606090
90444432
10482036
60301707
20432499
60611111
10497212
20504194
50448069
70353890
70378070
00329040
80377937
49330235
60391661
30512810
30270401
70429003
90498528
30356065
30568595
10595378
39530112
59498074
00570415
29473452
89498275
69465233
19466466
90537718
60581755
50581770
20568483
40441619
00441621
80423816
00520500
90202268
00453464
00440768
20599154
09589076
50537720
70548925
10548914
20327144
70595035
69338546
80421247
80295526
00518658
49269105
50359176
20322472
70213545
10419950
49483544
60475260
70607340
50575156
80342900
70333722
90279719
50035752
90362407
50090381
50097995
80430591
24524485
30212406
10461147
10548631
30600859
80333397
00623635
20615130
40611367
40620927
40288354
80476334
39455532
10482036
60301707
20432499
60611111
10497212
20504194
50448069
70353890
70378070
00146776
50568537
40323654
70555096
30213552
00570415
70205480
50612446
29465720
79472006
29464240
79605474
90609890
89587182
60599152
70521978
70548925
10548914
40441619
00441621
80423816
00520500
90202268
00453464
79548916
60579229
10568520
40599153
00518658
49269105
50359176
20322472
70213545
10419950
10461147
10548631
30600859
70607340
50575156
80342900
70333722
90279719
50035752
90362407
50090381
50097995
29275471
70591594
40595348
80589005
90399217
00146776
80333397
00623635
20615130
40611367
40620927
40288354
80476334
46956800
90609890
19483588
50568537
40323654
70555096
30213552
10212563
29497434
09589774
20537712
20325772
10549409
20499606
29604783
99463911
29604434
29566253
19550969
80617697
80511525
79548916
60579229
60599152
70521978
60520903
70540019
69484458
09603987
70599156
20599677
70548925
90548910
00548882
10568520
40599153
80595681
80564104
50277393
00277395
30511288
29275471
70591594
70510885
00541526
19579067
79605167
09605769
09462628
99142736
59923712
20325772
10549409
20499606
80589005
90399217
70430780
10385479
39509554
89538511
69440600
60520903
70540019
69484458
09603987
46956800
89330262
00592257
70565199
00602096
90567003
80606142
40561013
00559979
50618226
60493004
30593726
80595681
80564104
00356081
60568589
20193899
79308803
80433882
20422853
90432194
80422869
60422870
66916200
40480154
70510885
00541526
00592257
70565199
00602096
90567003
80606142
40561013
00559979
50618226
60493004
30593726
40568482
60323894
40585938
40502250
20558479
20526742
20397504
80457774
20406297
29406368
20193899
79308803
80433882
20422853
90432194
80422869
60422870
66916200
40480154
10418875
20331853
10529227
19323689
29516710
59516704
80534923
80556397
00525908
90328526
79466798
89458444
30212406
09573787
30568487
50595357
70461494
70430780
60400298
20560613
80295526
10443974
90399217
30219281
00580810
30568623
80457774
20406297
70559155
10584978
29613301
00204629
90205436
70493013
50175276
90371223
80618239
10623475
20593736
40493910
50334925
00401781
60400298
20560613
79329985
70568211
20492488
50462673
30598149
90585950
90585988
50585914
50586305
90585926
70238862
50327152
20204652
80475278
59308347
40595193
00204629
90205436
70493013
50175276
90371223
80618239
10623475
20593736
40493910
50334925
00401781
90404983
90621203
80581764
80273181
00559149
10454095
20208202
30327148
89391825
60323894
40585938
40502250
80507401
60474425
40399998
10185593
99260838
00474372
20554424
40405777
70238862
50327152
20204652
80475278
59308347
30501213
10529227
19323689
29516710
59516704
80534923
80556397
00525908
90328526
10560618
00291419
80507401
60474425
40399998
99260838
00474372
20554424
40405777
10568469
00320799
60532468
80533198
80569941
80477710
00110640
80390359
10584978
29613301
29591257
89576206
80400004
90186391
10560618
00291419
80595191
70584433
20383521
90583499
50467524
40537711
20595349
60596243
70568211
20492488
50462673
30598149
90585950
90585988
50585914
50586305
90585926
20434832
90186391
40103751
40103633
10543092
20487175
90404983
90621203
30612254
00428549
90503916
20434832
30501213
40432479
70293274
10515070
90444267
00555801
60387211
30308994
30612254
00428549
80603191
50598148
80477710
00110640
80390359
70293274
10515070
90444267
00555801
60387211
30308994
10537717
80449005
90583499
50467524
40295439
70514100
30439117
90099049
10511208
50511211
70595040
59582647
00595185
80405073
00245880
70370856
70514100
90099049
10511208
50511211
19483277
39588141
29578307
49582501
89578309
39549847
59604098
50593810
60593763
90601002
70593814
80592201
80601088
80593762
50592165
10601096
00581777
99494842
69578225
59495080
59578419
39613517
99613519
89494847
59253439
59426628
00245880
39578123
79483364
89483325
69582500
19494841
09554468
80603191
50598148
79578362
09607711
99578361
49575218
79579309
29491229
49483370
69495065
40600934
30600939
90575300
80449005
30568519
69575255
49551180
50568599
09026963
70327132
99591273
59591128
09615513
79591066
59582647
79483359
69412522
30568519
30537735
40541685
39514683
09536177
59514682
30405457
30575204
80405394
79255060
59477806
50593810
60593763
90601002
70593814
80592201
80601088
80593762
50592165
10601096
90620072
49528953
89526103
49217381
79533378
69529112
69591444
30332526
10607135
49332362
79437838
19276621
29590130
09590126
70599156
20599677
70548925
90548910
00548882
59533398
70417298
20568609
60212419
89454295
40600934
30600939
90575300
60383519
20383521
60431073
10557630
19585153
09584696
69112118
39585048
69585240
09325981
29526040
49528118
90620072
30405457
30575204
80405394
69326096
69533053
10595364
60347102
30332526
10607135
00356062
40454089
29532994
29591158
49536175
60383519
20383521
60431073
10557630
10565239
39483337
69483289
09494549
39563131
79484387
09387040
59387132
69568354
69569754
10461147
10548631
40600868
30600859
90155870
19338426
89444310
69444330
79483825
09325981
19610949
89568386
39471476
29394978
59394991
39394987
30558916
50586961
89575565
19425046
39306368
89306361
70591594
09387035
69326096
19484451
09610148
49557865
29528713
40528354
20450520
19604038
20560142
39608337
59608987
89618273
19618276
99610078
69483326
10212558
49455937
90508508
10592803
19590767
89554921
99554826
79554851
89561525
69589950
69482690
69571634
99571487
40461495
99399835
40569518
30508040
40591128
20613602
30563871
69610150
59617430
69610145
19590263
60347102
00596934
50610193
10461147
10548631
40600868
30600859
90155870
79596262
09596661
39515055
40404886
60152279
69484463
89570233
79484448
39483337
69483289
09494549
39563131
79484387
70591594
79596648
99602629
69610131
99610139
89610149
40397490
59622827
89484080
69484081
69569301
39561523
09523504
99384594
30558916
50586961
89575565
90474768
90508508
10592803
69608289
69596253
10505759
30542379
40528354
20450520
19604038
20560142
39612377
30595363
39449800
19609187
99608264
79561521
69579989
99561488
19580004
10526629
19490683
50461485
89243019
60568476
20544185
90602049
40459992
99399835
40569518
30508040
40591128
20613602
30563871
89568819
89470139
59596932
99589944
19574913
59574906
79574910
49589951
29608781
29608979
19608263
99608235
49610132
19610143
49597512
79597515
69608982
49610146
79520106
89609179
89568094
79568103
70356054
40595174
59590261
89568937
50205103
40205085
09569295
89441057
59395033
29463801
49391790
69465742
49579985
89561484
09612350
19424037
69420485
49612094
19424117
29603401
09589953
49589970
39578509
59578508
30591727
79610140
29596716
59515064
09588524
19589919
09588307
69630092
89568824
39608988
10205727
59574893
70581769
39498541
89576433
09589948
19466225
49568816
99519611
89530138
79554832
19385535
90273190
10454104
79589964
29589966
29608286
69554856
69596936
09610092
09557867
09590254
90541678
19441094
09428804
19574908
49545090
39596933
89589949
40559133
09470039
99388097
39569312
29610091
19568691
79554907
79481586
79568891
59530168
19449820
09449929
69450038
09565669
39596650
10541677
19626573
59608992
79568928
69465006
70357567
09537841
99444215
19585054
79584612
99550593
79606058
10257660
40509181
20565248
19466225
89450018
00581763
99538638
89608740
49608756
20591704
59481587
69384307
49544255
59602631
79514389
79578710
29509366
99514388
29608743
99596713
49461698
39509380
19589429
29608465
29608385
99608396
29420393
69608393
69626537
89608392
89608387
39578137
79578244
09606325
19590772
29608427
19608395
99618215
89618188
29630089
59566416
49504339
50297881
29610128
69481596
69608473
40526637
10591714
39388670
19612378
39384568
10541696
09481599
79384632
09608739
00205092
99610101
59588593
09509391
29490668
39388076
39564475
69590128
80454087
69525859
09527724
29544671
39530230
69533468
39533356
79528046
99506576
00454091
79460975
00568592
40595367
69519721
29477619
09306505
89588940
69519882
49492195
79911713
99330271
79605389
39425093
89424133
39538820
19504538
99335607
59492623
10331863
70537724
49010979
59213467
49215853
39449739
40581775
99332133
39605819
19461850
29461072
99473608
99409392
19590135
69580983
99412686
09612171
49010984
50205424
49421508
09598919
69240823
19395860
69244661
39240787
69501995
59502052
59502066
49412561
19502049
60568495
80595049
20205425
59601448
40397503
69587324
09026982
19454675
00331873
90541683
90418895
20356075
80356058
49578231
29501902
19501926
79597515
29566125
19389152
19428752
29575200
69544669
39546523
69542934
29539410
09544182
60273182
59601995
99605717
19471482
89227731
29291956
89386070
19326428
79227755
59563899
89502055
29429124
99536837
59542901
29583224
80461479
79574482
30568492
99602016
79573270
09574895
10537722
90591729
20454090
49589630
89602007
29602010
09539411
99583193
89612577
50327133
10205534
10418899
30461504
29449754
89404074
39387091
19598914
09297186
40558497
39455688
89579144
79462856
69457657
09462949
99243028
09284669
89241794
89495917
79578927
59462862
29504415
79465713
19538053
99462412
79257832
69530158
29213478
79243034
99455039
59473511
99454742
50568486
39240792
69551570
79504352
80595365
30591713
09428286
19428295
69428311
39428280
90461488
70595356
39241763
00208236
60327142
40397485
59454720
80581759
90537723
70595380
39604551
69586758
50537715
69587630
89588271
99587940
50461517
29458908
50356069
19578746
30331857
99589190
49499154
69556006
79516133
29582856
79583250
99583230
59597521
19597523
19582767
19185433
09563953
79608397
39608403
39498918
09530118
39274211
99577192
69577476
99537950
90397497
70273186
29619402
99571864
09619403
69272649
59619405
79619409
89617443
79504516
49519963
89590127
39571862
30450567
49619401
00565249
19571858
89571751
59449837
59449776
40418893
19603699
59437274
29603707
39437270
30454103
89603969
59332149
99183581
39387425
89330691
19611454
89547940
79388060
89388125
89603733
79581835
19561374
09515165
69551730
89429786
69437264
69507209
59538862
19473419
79507176
69215847
49426638
69507209
59538862
19473419
79507176
69215847
49426638
59481894
99392532
79388060
89388125
19478313
59509096
99600381
09586742
29255053
59601245
29588085
19409471
49604051
59332149
99183581
39387425
89330691
19611454
19385960
29612392
59509096
99600381
09586742
29255053
59601245
29588085
19409471
49604051
19385960
89554898
09586935
69487857
79424322
59481894
89554898
09586935
69487857
79424322
69604045
79581835
19561374
09515165
69551730
89429786
29612392
29613301
89561304
49604013
79610121
00560529
59502066
79388480
89470243
19564688
69613422
19564674
39566672
99604058
19478313
00560529
79388480
89470243
89561304
49604013
79610121
19564688
69613422
19564674
39566672
99604058
89618273
19618276
99610078
99554826
79554851
89561525
99514388
29608743
59602631
69484463
99610101
39388670
69608473
19612378
29596716
09481599
79384632
69481596
09608739
19590772
49608756
99618215
29608465
89618188
29630089
69610145
69596253
99384594
29608427
29608385
19608395
29420393
69608393
69626537
89608392
89608387
39388076
19610143
79514389
39384568
29610128
89608740
99608396
59481587
69384307
79481586
49544255
99596713
39515055
59515064
69610131
69610150
99610139
49596937
79596262
49504419
39459605
39578745
49538792
79498252
69544179
39547952
29547561
19547910
09547977
69547936
99338187
39284880
09254323
29308301
09321011
49464965
89537936
89547964
69548064
59336519
00448967
69320971
89605398
29320954
99548086
09321006
09320988
09320993
89468221
59458916
49915901
39547886
99548072
19602077
19614711
09461153
19320997
99323685
19320916
59026890
69550679
99538351
79539182
89437197
49437255
99548010
10352351
49547353
69507266
89323704
10589476
80589519
99581491
19580872
29269111
49269068
89269071
09581476
29580536
60528560
00509116
40509096
90509065
59581501
60509156
90509145
10591709
89588426
69460730
40509039
60509142
20509177
39031411
09619403
19403935
89607665
29607606
49403948
79395032
49394977
19465481
59444217
79577560
89577545
99291745
59437194
29591257
89576206
10593652
60556911
00216665
00444479
20609068
30395533
20418766
29329879
00421185
59609147
79439762
49575911
29575926
09615787
19546519
79546521
59495773
59253123
19612514
89337027
59337024
19579312
79529098
89581788
49575218
89575216
09575847
69575849
99560573
39560279
09609159
19609012
79521139
09521487
99516764
09466198
29585237
69576735
89584635
39433776
39519195
29578821
89530143
89440487
29444214
09425706
29157477
09309698
30510905
69436269
60509142
59547098
99529974
29575403
39547674
09557749
79157494
89581118
69158168
59157391
39338425
70573477
99575310
69576189
69533053
59533398
39550826
29587217
39565960
69898415
59253439
39498918
39565465
10537722
20404156
39290701
19418324
69290808
09516754
69516765
39499574
39538245
59576203
09536177
39514683
59514682
49217381
59481653
49619340
99516759
29516753
39521235
19516758
59521362
19575922
29612504
39504486
09463760
89366816
09507311
69462324
99455807
79250265
19253714
39253713
99491363
09580113
19503218
09502813
49500280
99499571
90575569
50605747
70510908
59560297
70521539
49609143
09284669
89499576
49575906
59270373
50575571
50605752
30510910
00521552
19548542
69440836
59516761
09571284
49572494
19336173
99581491
50510952
69616251
89521394
19516715
89580005
19336516
39615795
29609016
49528953
79533378
69529112
69591444
19544577
19603996
79578362
69544396
29575219
39609006
89609155
69560579
79432176
49560306
59432177
89575928
59501199
99425721
49546909
20458187
79436264
80510960
79609014
59560283
59895257
99615797
40605762
89439785
69929247
99157501
19588477
49614941
79418806
49514060
19547203
59275304
29275471
19275301
49514041
89546827
19546840
49578405
19516763
79568315
79516915
09607711
29577751
99615599
29526040
49528118
79616255
10291678
50538809
29499584
10538806
00291626
80291670
99568277
40361085
50247377
30299895
40510962
00291650
79514105
79571285
99393107
89561200
10490852
10538811
40291667
90538614
90294512
69061227
39597367
19476818
59385958
09561157
60628734
30291696
40291672
59565964
50291624
20245964
59430866
40291629
09428286
19428295
69428311
39428280
49243016
29582856
19583229
19583719
09396346
59387655
89241794
80299874
60245962
19546543
09241793
00361087
19389152
19428752
29575200
69544669
39546523
69542934
99605816
59574242
89589143
60538601
29539410
19542644
69544099
29546533
09544182
50245953
69213476
09495902
10490927
00296313
00628732
09544672
99428866
39542025
69542646
99546515
79544094
79546535
79583231
29583224
89544183
19546519
79546521
79440275
29213478
39389189
70205606
50277977
39483342
29544671
09437832
79243034
59542901
29515980
89526103
09615513
59591128
20245959
20538599
49429694
29429275
79253103
69253108
99309694
69500910
89501065
69587786
50538611
70474062
59421796
59440728
69611480
09061230
99188343
79188320
29439825
49576208
09466198
29585237
69576735
89584635
39433776
39519195
29578821
40245840
00538595
40245944
99336329
39290824
79291082
29336323
09336338
89530143
89440487
09470237
20595170
29519884
79562686
00208236
79418321
90245946
39565465
89580005
19589740
19483277
59437759
99398690
59481653
49619340
39563517
49562720
99563519
69326096
59429250
09290731
39573408
39574865
19574734
99606665
99533278
29575436
69601990
89575160
59601976
59573228
59575208
79575212
69602013
99573226
49573257
39478208
29286281
39285808
49478203
09188842
29573220
69533265
29515975
79612573
79533260
59575430
99573231
69606662
09574857
99575193
59606691
49479839
69573303
69573280
59573233
19602001
29574451
89574467
79601980
49574332
59573313
99573405
29613141
19575168
19606688
59574949
19574946
39480843
99573274
29575441
59602004
79575434
09601988
09601974
19613132
99574730
09325981
99326090
29326041
49515941
69583217
79515973
99429578
19417701
79416195
59574336
49555003
09903014
99506604
79583226
99521435
09521595
89525844
99513954
69617444
19417174
39563843
39590158
99417170
59502783
29503185
19442654
49216697
69440836
79533236
89580755
19416358
09578228
79628017
69495923
69528990
09516711
39323669
59521263
69336335
59533360
69508162
29516710
59547098
69521045
59513994
79521399
19546840
49513975
29537642
79578404
69559991
89602045
89323704
99529974
49323701
79603738
79546432
09580113
79580100
89521488
09516706
89521153
89032738
99516759
39444218
49468751
60397502
60535117
99516764
79516915
99514072
29580975
69484458
19604038
49611443
29500686
79431327
39602707
89563770
69561574
49572494
19336173
79605718
99399835
20509455
79606039
69457501
59578508
49589970
89610149
89554921
59608992
89589949
79589964
29589966
29608286
39608337
39578509
69608289
19609187
99608264
19545124
69608982
49610146
49557865
79520106
89609179
69482690
89568094
79568103
69571634
79554832
59590261
99561488
89610106
19610096
19545124
29608781
89570233
79484448
89533066
99622104
09530509
59609185
99608235
19590767
59608336
79608745
39590766
69561593
79579984
49545127
79561521
99571487
69139684
59504409
79288230
49545090
49579985
89561484
69579989
19580004
09589953
59596932
09610148
29608979
09569295
19441094
99589944
19574913
59574906
79574910
39550826
29587217
39565960
59420400
19564749
09590254
49608394
89599364
49545127
39596650
39612377
89568937
69569301
39569312
19626573
79568928
39561523
09523504
49568816
09428804
19574908
39596933
59617430
19590263
19484451
79596648
99602629
79579984
19588477
69581124
69554856
69596936
09610092
09557867
59574893
19437172
79580765
09436922
89568819
49610132
69457332
39578953
09509433
99588992
89578922
99614948
09590131
69554535
19610096
89610106
99612077
99571760
19608263
19515056
99515057
69515068
79515058
49612348
49612211
69612352
89612233
39421429
89612370
59421522
19385535
29610091
19568691
79554907
39534662
89571770
79534735
69534892
59534901
49534652
09521208
69521093
89521214
09575499
59581983
89612214
39419087
29302691
89419075
39535218
09535210
59535222
69533005
59608119
99508108
59552914
69338546
49547881
49589951
89521209
29534672
09534654
19521095
99388097
89534669
09575512
29612071
99575579
89568824
39608988
39442686
49278256
29197572
69525604
49494646
09612067
89561337
29442173
69535288
29440616
29521207
99581976
09589948
79190870
79388003
39525605
19567502
29535290
99535296
39575577
89515067
69630092
69549068
89630128
99614444
69287392
59552952
99494724
29443653
99515062
89441057
39602509
79610140
79602913
59442685
19386101
29490343
39442691
09442616
39278290
69534830
09534753
09534673
39597027
99027227
29442677
09596661
79608745
39590766
69561593
49388636
49388679
69610089
19575597
99239494
59332130
79609194
59608987
89527838
69437264
39437270
19603699
59437274
29603707
19530453
19429643
69552541
39440814
99620751
69440761
69440822
09440839
99440774
89547940
99260838
79260844
80509481
69574166
89548124
49547800
29547311
69388635
29248010
29388637
29548056
79546432
99519748
09405020
89527503
89548973
09575786
29491578
09505270
79436928
79436952
69285939
19437191
29618011
89603969
69618009
89603733
19528172
09617786
49528180
39536048
29569751
69418067
99429540
49332060
79614299
49614291
99614279
09627530
59619151
99619187
59614295
89542669
79010614
69536216
89536003
49543920
39576195
49270279
19471255
19536266
49536236
09392409
69400543
99536234
89536296
59489866
59270274
09399024
09306261
89482830
19482819
39443054
49443039
69614902
89471285
49569745
79536008
09574292
99574315
19536025
39608262
59617784
09568272
49270260
79536169
89548973
09575786
59574303
59471404
99574320
89617787
39485299
29306665
59306292
99306643
99306252
19574300
69574307
69485085
09516928
79491284
39527831
69614271
09491254
69536264
89536036
39260841
69622563
19528167
29617785
89536041
19537096
79545277
49610212
79561286
39527930
09418051
39270326
39437213
49535595
99269160
59270311
19581956
89388291
09563849
69269982
49537090
70257313
89392575
29536020
59270250
59248612
99536837
49421508
89608288
99622104
49478203
49613927
59502783
29503185
99506604
19610949
89568386
19471482
89227731
29291956
89386070
19326428
79227755
59563899
19395860
19598914
09297186
59297141
09598919
89502055
29429124
39240787
69501995
59502052
49412561
19502049
19548919
69551202
19332368
69533265
59525614
99437050
89332063
19555448
59577636
59582765
69240823
69244661
79480817
79575434
39403473
49575204
19574480
29606701
39573248
19575168
19606688
59573313
19613132
29575441
99574730
59575430
89529007
69528990
59601995
79574482
79601980
69573280
19553454
29596815
59332130
19554953
89542023
49388679
39597027
69610089
99417170
29542021
39627977
69627971
39563862
19575489
39437213
59602099
09573221
99573245
29157321
09581853
79580553
19580594
69428132
99506067
59419637
49555003
09903014
59597521
19597523
29574451
99573405
29613141
59574336
49606719
99429578
79416195
09269065
79575212
29575436
69602013
99573226
49573257
99533278
29123958
89575160
09601988
09601974
49425097
59489692
79587106
59424177
59587838
50612446
89485032
89428310
39431230
09430147
99552785
49483313
99428277
29575196
29425729
29337025
19542639
29422194
69628032
79583250
40475261
99431982
69416817
69417690
09521604
59422220
59574949
19574946
39480843
09574857
89529007
89574467
49574332
59496584
89009568
49619651
39574865
19574734
99606665
99573274
69601990
59601976
59573228
59575208
39387091
29602010
69573303
99583193
09425706
19579185
79579205
49622535
99622566
49578561
99602361
79583226
99521435
09521595
69622596
59598672
89542669
69536216
19622711
29269724
49578575
79424124
59627467
79617783
89604030
59535590
49471273
29619157
09539411
89612577
69579201
49604070
89579177
49619175
39599903
59579193
29578562
79627621
99536234
09440839
29599932
19619148
19599579
09477187
19416358
19417174
39590158
09604034
59929243
29929249
19399603
29399589
59573412
09544672
79533241
99387521
59387655
49387806
59483355
49582761
49277247
29574465
29606659
29562981
69611649
89608288
39573408
79612573
59602004
29501902
69551589
19501926
89525844
99513954
59573233
99387521
49387806
59483355
49582761
49277247
49610212
19580565
69571380
89556326
99521510
89537111
29573220
19602001
99573231
99495832
99509004
00591781
49539621
09556127
39478208
29286281
39285808
09188842
99575193
59606691
49479839
29614287
39563843
89428273
09549919
99549905
69555808
59607370
79555761
89607383
09607382
79468820
79533260
69606662
59573412
79533241
39417601
49622875
19291645
49561339
89285783
39440611
89435594
99243028
39241763
99495926
49554895
70578757
80578771
59495914
39243031
19276621
69276567
10257660
40509181
39554867
19495911
09213479
29241792
29416287
89440227
79550513
59544127
89495917
20395543
49437203
89437140
29500988
69548064
29547561
89547964
19547910
10591714
49587122
99589798
20537712
39547952
09547977
69588856
59589093
89587182
99464864
89467052
79498445
29051414
59519222
09581419
19581409
39581130
49581422
69320971
09321006
29320954
09320988
00448967
99587898
80252112
69606148
79509335
89600616
89274176
89537936
59310500
79588460
39455688
09574145
59454720
89579144
30591713
39274211
99577192
99204258
99550593
29539325
39539339
19504538
89274435
19578746
79504352
19589919
09588307
69587324
89605398
49464965
79578927
59462862
29504415
29463801
79465713
79473464
20205425
49581120
79330253
79492127
89605968
39455532
60592221
19473607
29566125
59566416
19507179
09243037
09466259
59458959
99538049
69462324
09505331
20591695
39459375
19469380
79577466
89581123
19581126
69459005
30591727
20213576
19588137
79464228
29467385
60591716
20418889
99548086
99548010
70417298
19585153
09584696
69112118
39585048
69585240
49457743
39581432
79477711
89581284
49915901
59026890
69550679
99538351
79539182
39588141
09589774
19585054
79584612
00591700
10385479
39509554
89538511
09320993
50591726
79578710
29509366
10205628
99473439
80591715
59308333
79586748
30537735
19579067
79605167
09605769
09462628
99142736
59923712
40537711
40592217
59588593
09509391
39509380
29490668
09588524
59320896
99338187
09460889
89366816
69457539
19581428
19581112
99581127
69466888
29473452
89498275
69465233
99455586
19466466
49504419
39459605
99142430
39578745
49538792
79498252
29391786
89437197
49437255
19538053
99462412
79257832
20591704
40591717
00592219
99589072
09587336
99581410
89519895
29588392
19320978
09321011
39538820
99335607
59492623
49547353
19320997
99323685
30591690
30327134
30205420
39284880
09254323
29308301
59395033
49391790
69465742
00591696
69550491
29457206
99459933
69462734
10205529
10212563
29497434
69507266
99589190
89588271
49499154
90591729
60205433
30541695
49587909
09470039
79462856
69457657
49489230
89473473
89468221
59458916
69586758
50537715
69587630
99587940
49461698
19589429
39546877
29560675
39442219
99552177
49440601
59239504
19603996
99607702
89575216
39615597
89607514
29607705
89505394
99575254
09581787
49061228
79191266
69581789
29575219
19197775
69554960
49502081
09437506
19269116
19276777
49269105
59276822
99269080
69276807
79276760
29269074
09269065
09563118
19269079
09580523
29563122
59525614
89112829
39580753
29580763
89297130
29533031
39587599
59589007
69112830
39272655
99590259
79580751
99387272
89329956
89552922
69622662
99485338
69574312
59544740
89581788
49424130
79546535
29545331
59622634
09627605
59443388
09830541
89563162
79424124
19580872
09563953
89830542
29197893
49269737
59582647
29617813
39460883
39443252
79603998
39443327
39443209
99443273
99471586
89569748
09272666
89489884
89269740
89269721
29599932
99471261
79536070
19470326
89568292
49536302
19305666
79589780
99587105
19578794
39581408
10485049
29269724
99443292
40591779
10591709
19578906
20568614
00221450
79576198
20526737
89385952
99290623
19308405
90591786
80591701
30454080
39579293
29581932
69572539
59563045
39581615
49336275
79561583
80591782
30505758
10591785
89588426
69460730
79395032
49394977
19465481
39394987
10418899
60591783
70591787
20205091
09502021
99501970
69516713
79929586
79399596
49571507
49428232
89428254
29428266
69428226
59504409
59460778
99527569
99528130
69528971
29434130
29425729
29337025
19602077
19614711
09461153
49269068
29269111
59581501
19444196
19269116
99269080
89269071
39269120
49269105
19269079
19444219
29269074
99577413
89614939
49332060
19575597
79548916
49388636
99239494
89527838
29618011
39527831
79436952
79436928
09436922
69285939
19437191
69618009
69614902
39403473
19548919
69551202
19332368
99506576
39425093
89424133
49010984
19276777
59276822
69276807
79276760
39564475
69590128
99332133
09437506
09580523
19590135
69525859
09527724
39530230
69533468
39533356
79528046
49010979
59213467
99550668
99309694
69500910
69587786
19197775
69554960
49502081
49458238
69457271
69456182
59460373
09473486
29465386
39463773
69898415
79529098
89575363
79253103
69253108
39576204
89529941
89582655
79576184
59253123
29393709
59576203
19579312
89591259
69573256
99591065
59591270
59591152
49494849
89576211
39575214
99591254
59607596
39591271
39578236
29458507
69576207
59573266
49591077
59544405
49576213
29576228
39509511
19492074
99274369
29577181
49550840
89509146
79456469
89549878
09529110
39554867
19495911
09213479
59495914
39243031
29416287
99495926
80578771
20395543
09495902
69213476
70578757
69521564
29516753
59514088
09521331
39568341
99521614
29514042
79444216
89591259
29393709
89575363
09581787
69576207
99591273
59573266
59544405
49591077
59591152
39576204
89576211
59591270
49582501
39578236
29458507
59284879
49494849
99591254
59607596
39591271
69573256
89529941
89582655
79576184
79561804
59604098
79579309
39575214
29491229
39254326
99591065
39509511
19492074
99274369
29577181
49550840
89509146
79456469
49576213
29576228
69590133
89578309
89549878
09529110
49458238
69457271
69456182
59460373
09473486
29465386
39463773
79399030
89509028
69399002
99521096
89578724
60554993
60568320
50506865
09277843
09521487
50554998
09516754
59516761
09571284
40554994
80506213
79514105
79571285
00568304
20506862
40291691
59439857
39521235
89521394
49546909
19516715
19516758
80568338
30554999
30506197
49514060
19547203
09557749
29563155
39552953
99027227
79602507
29442677
29406368
19516763
79568315
19602039
29602133
19602044
69602126
39602076
49602033
49514041
89546827
09590131
89929232
09481354
09537110
00458895
29019056
79392222
19536817
90608126
49481366
99569205
69613479
69590133
79607717
49496730
99536804
29614447
79501693
69577565
39481357
69241422
39536878
69536872
39581998
49536830
99157469
69276567
49239496
39239835
59564337
79555365
19564363
39556258
59634726
09407024
79392217
09406798
89607482
69555361
30458889
19564339
20573248
19552751
20458861
59608124
69537112
79564360
19392220
79501688
09630938
09634696
19481363
90608923
99496596
29560227
69338546
89602031
39602038
89490279
89581161
09581179
49568835
99581844
89630996
19544068
89521515
89568490
09521468
69536848
19580594
69580563
29580881
69535288
29535290
99535296
99634729
49552764
59392218
19560157
99496600
79541745
59241229
09929373
29634742
39581979
39241211
89571586
69002426
99577639
89002425
19441739
19501686
19326070
49326078
99325477
69325469
10489132
99392221
39175428
99553054
29547882
99175977
99019920
29544794
99022550
39488231
69611121
99132308
59515945
79175983
39241348
99157474
59407012
79602084
59222495
09490320
30458870
99392202
89496714
09555340
99577583
59018734
99581995
09241420
79537687
29931596
29544708
49285817
89307643
89222502
19439864
49567497
89189098
59507733
49490295
39535218
09535210
59535222
99496520
09392225
69608128
29406797
49536868
19602082
89611808
99613487
59501726
79536800
39577557
79598652
59392223
39496617
59514781
59326025
99579964
20572499
29286257
39286266
79336392
19336371
09563118
69290747
59269119
29580536
29563122
89515977
59197453
99552950
79418806
99428866
59248612
29157321
09581853
89325963
19580565
89542023
39542025
19542639
99418315
59602037
29572225
19278272
20450742
99440496
89563162
69574312
09574292
99490274
99387272
89830542
29197893
89552922
99574315
09326042
99614279
49614291
79614299
69614271
69534892
79437838
09508136
09615527
09830541
49307640
59189127
99485338
19590376
09627605
89579988
89580010
59581884
39286351
29579986
79432195
99590768
19399839
99590264
29589952
29589933
49607709
69544396
79576179
99431982
19564481
99574853
09545191
79561804
89454714
39565535
59420400
09608386
89404578
79031414
29403845
29437181
49437175
99574914
39291748
59436934
39286558
79412946
39318031
39607658
29607687
99607684
19403474
19436931
39590262
99615392
09630090
59625821
69568924
49046978
09031417
69272649
79619409
59619405
09608391
09591036
09591258
69591255
79591066
79591151
19591229
99591131
19591248
49608389
99575254
79545338
99607702
89505394
39573026
99575305
89573024
49596942
89494847
19494841
39613517
99613519
99494842
99544738
99590768
59573025
09442720
09278338
19278328
69017475
49573021
19576182
59434949
79602507
99579964
99576201
09564599
69442642
39272641
79442712
09437200
89294532
09294526
49607709
29538062
69521069
59553046
79533868
79278250
59544740
69573261
39549847
39544374
39549871
79576179
09551182
49551180
29578307
69582500
39573253
29573263
69494829
69563988
79294542
39483808
09017826
69440600
79552908
79017837
09573023
39030591
59442713
09017483
39545335
39581818
39581823
99306860
69190936
69581732
39530008
99563581
49437203
19437209
19436931
89437140
19278272
19608102
99573028
49442718
09197605
99442711
39481654
19544723
19552949
89552941
59197453
09573259
89582679
69575255
59581822
39597777
59587193
59571757
69581789
89591037
39552953
39483403
89239507
39047921
99017445
09481679
59481667
79619070
79534679
79571761
39579962
29464240
19529218
19403474
99403936
39436925
89571765
49898435
09575362
69578824
09581184
79495084
69578225
59495080
59578419
79442627
79432195
59189127
69573020
79278325
69278335
59578221
49047548
89492768
49581182
99552950
49197420
29607705
29403845
29442615
49442676
59500213
29509007
99489628
59436934
39291748
49437175
09575362
99576201
79554667
99547275
59581884
39286351
49306872
99483594
89030584
89508118
59508148
99508146
89590405
49521094
79484387
89440227
79550513
59544127
79603998
99604039
79604078
29604090
09604086
79431577
49270279
49425097
59489692
79587106
59424177
59587838
99929585
29575592
09521500
29483413
49483412
69019224
39488226
99132308
39577557
79602098
89501697
09239827
79386075
89157455
19497340
69525604
89561337
49494646
99392202
69577565
19022549
19567502
79286448
79190870
19279177
29279186
39388359
79388362
09388365
69336359
69329387
29615456
69561574
79602588
59563088
89563015
59571700
39563758
59581983
89571586
59634726
89176307
59442727
89618032
20489179
29568836
99553054
29547882
49547881
39241211
59241229
39436925
30605418
39329384
09568837
59577636
19286413
19386078
49577585
69483289
29582682
79388164
69388635
29388637
29611651
39496716
69549068
79562785
89630128
99614444
20509177
29176292
19561369
89429748
79494386
39602694
79605718
79582694
79582651
19504350
59552645
29604387
89533448
99533061
59589955
39323669
69521045
49514017
10589476
80589519
60509156
90509145
20509455
79606039
69457501
99506067
09516706
99546780
49546834
69546791
60528560
19604038
19895283
99429781
39429755
29560289
49609143
69399587
19544577
99615599
19591248
29412519
79483364
49455348
79059262
59385977
99575310
79545338
69577688
99607518
39607521
19613518
49460689
10357546
29591243
90273411
80273505
70446470
39607696
19329894
99329890
19329870
49329878
69329981
99330271
10470496
39329874
59530168
19449820
09449929
69450038
69329801
99329852
00509116
40509096
90509065
49385987
60397502
69563115
29463354
10573475
99399835
69484458
40509039
49468751
69579102
59614926
69575222
09575215
49611443
29500686
79431327
39602707
89563770
60535117
99514072
29614942
19254332
19606297
79591151
89591160
89590981
39578439
20426808
29591064
59270373
39607516
79607595
69536235
09604034
29471580
79617783
59471574
09574782
39553467
29536195
79552932
79533868
29444214
69495065
09554468
69574958
09502813
19503218
29503232
59607474
99578361
69577688
39554363
49608271
39536878
59574218
69463601
89590716
70547643
09580014
09581117
29596764
00569389
89291326
19573027
19504543
09596760
39561288
59561188
69596762
89600169
49533898
09591258
29607593
49495066
99495078
79495079
39529156
19254271
39432692
20598767
29577751
09596816
29463354
40591784
60537734
29614937
79581114
39581427
69575260
29600836
49581790
10573475
29607512
19591272
69252887
29500907
99573028
09500791
09500890
99591131
69505352
49578919
09574956
19470294
19578483
39390003
59590256
49480847
69503225
89551611
09288224
09608744
59608336
59442727
59621408
69502075
99509438
09588680
50327152
29504359
49597512
39388081
69408266
39573026
19428808
79299016
19534413
39563169
70246744
89031809
79553465
49577585
59399804
79386075
09239827
69329387
79470309
69461881
09564599
89384684
49561155
09551568
29536058
59384690
19533041
59609185
19920701
09387733
89384735
89387277
89505313
10492813
09483904
99485343
99575305
99477159
29272712
89591037
99443273
29563155
09604190
29269719
89607707
29286610
09551605
29502001
79590255
19286413
79498493
99504474
89509702
89553870
79609194
79602098
09521500
99503238
59536325
09470303
99622731
49387019
39470231
29489603
99561153
49503212
09622735
09530509
49571282
99528578
89521327
59521324
99528494
89516707
50535085
29521603
59602099
09573221
99573245
90531764
69528443
49521621
49470320
89443297
49528444
79528452
09528605
59571291
29521113
49521329
69514097
69521328
39528576
19529973
59521263
79323667
09516711
00535083
89615750
89564449
49610113
69528626
09569752
89561714
49607752
69485288
29625672
89528461
00535115
59513994
69521564
19590574
69513979
39528519
49395854
69533005
59608119
19437209
09437200
19602341
39591068
19299571
39521612
99568343
89521332
79288230
79603738
69536320
29508852
39579962
89528442
09547982
99336517
79387107
89501697
29521472
39521631
59528518
69528438
09521326
09415953
09533471
59552551
29532994
99569738
59509001
39509016
09552110
79552121
19622711
49578575
79579205
39599903
59579193
29578562
99449642
99452111
89449690
29305661
89305842
79305625
90492847
10362468
09502016
09388474
49501982
79401132
59489588
99489628
89514893
99495832
79489686
59284662
19552100
89533066
59400609
89425043
49424173
69607727
19607635
39471476
69483595
49510401
59511278
69471494
29494586
99471341
69485127
59485199
19471458
29469493
19409145
99399897
39470231
89569753
39508998
39399904
39401228
59627467
49622535
99622566
49578561
99602361
69622596
59598672
30362523
30560523
49501939
19484234
89502041
39607719
29607729
69514691
29272712
89387277
69514686
59508860
89508868
89508892
09425023
69516893
59516940
49511293
89577753
89536201
09387040
49561706
69569754
39306368
09387035
89561714
49574964
89425024
19535587
79535594
29553873
49306792
20489179
29568836
29392413
19197780
49429241
69449672
69551594
29502124
09491230
49509025
29489622
49552127
99607735
89607689
89429164
59516898
69509034
19564749
49608394
89599364
59535590
79536206
09483904
10492813
59297184
19619148
29508852
09568837
59554475
09574956
69502075
89306361
79499992
69399436
19399330
49619175
19528445
49516709
19514009
19607560
59607737
09509659
89604030
49471273
99485343
89444310
69444330
79483825
39216754
79258308
19599579
09477187
29597872
19618827
29580881
19287479
19483908
19590989
09326042
59326025
19418324
69290747
29535596
19564481
89515977
49489640
29406368
19439864
49567497
89189098
59507733
89490279
49490295
49307640
99604039
79604078
29604090
59515945
79607717
99607764
59608341
19508857
69290808
29515980
19579185
19607744
19575489
09581179
49568835
69579201
49604070
89579177
29619157
89429159
19602039
49602033
79602084
89581161
39602076
89449652
89325963
29482885
19425046
49574964
89551611
99608202
69471446
69571375
99490274
99418315
49387076
09551605
59443029
49285817
89307643
89222502
59222495
39602038
09490320
39425045
09604086
29589952
99515057
69515068
79515058
59385958
69503225
99503238
49503212
89571770
39525605
89579988
89580010
39390003
89384735
39388081
69408266
59385977
59399804
99574853
29503232
79602913
89385952
19574480
49606719
99612077
99571760
09387733
89521209
29534672
09534654
19521095
99590264
39590262
99615392
09630090
39608403
09484946
39534662
69534830
49534652
09534753
09534673
79534735
59534901
09575499
89521214
89534669
09521208
09575512
39442686
49278256
29197572
49596942
39578439
29589933
79608397
89612214
39419087
49612348
29302691
89612233
69612352
89419075
39417026
59429599
19280939
39602509
69434270
29424942
39533455
09545191
09608386
79429602
19416773
89563713
69252887
50461503
00568605
39530112
50461517
89454295
60418849
29458908
90461488
30356070
70595356
30568581
29612071
99575579
70356073
30461486
50356069
30568604
59442685
19386101
29490343
39442691
09442616
39278290
70595059
30595358
10568600
10356085
40461508
40568585
09578959
50568603
09608744
30356065
30568595
10595378
59498074
80461479
50568599
40568590
09565669
09612067
39575577
40461495
80568588
40537725
70461494
20595368
20356075
70461489
00505774
99508108
59552914
00356062
00568592
10461500
40595367
00418852
00461510
20461496
59449837
50562535
80595370
59449776
20461509
49449946
00356081
60568589
00461483
60568594
20356080
29442173
29440616
29521207
99581976
29279186
79388362
39387901
19399839
39571758
69521093
79437329
39534879
49336567
09534734
99234255
49508158
09388365
39388359
09608391
79437273
59597465
39534761
29278262
49483313
89428273
89485032
29301762
79286448
69483289
29582682
19279177
69421437
29612245
69602918
99598038
89440265
69611649
49612211
39421429
89612370
59421522
89581175
99568833
29568841
49280042
19497340
89157455
79902935
79490798
89435221
19494474
49590370
39534836
69388640
09388638
59619071
59534755
39388000
79572204
99574914
09417382
89403461
89515067
89564449
49610113
09284650
59552952
79388003
99494724
29443653
39403821
69562823
39403939
69403462
19590606
39329384
59437330
49608389
89388639
09388445
09388643
49547800
10541677
29603774
70357567
10541682
60568476
79323667
99548072
89477428
99477263
59477260
69547941
09477427
29547311
99590612
09590579
49403948
89404578
49325286
69403947
39607658
10541696
70541684
49477251
79336518
49603711
89603709
00541687
50568472
09574174
99455039
39468520
09454746
49529052
19555009
69555021
89481699
19395563
09503025
69555813
49431927
39627977
09563608
19416909
09563868
99563784
09416962
19502817
59502877
59417619
89417745
89432171
09416212
29561284
49596763
89596817
79537786
39490960
19417466
89490948
39488226
19281024
29571706
89571732
89607707
59563856
99436767
39585388
59521668
49480847
69563634
69488574
39563659
49563649
09417693
89563647
09582664
69582680
19585450
29417710
19417193
19491164
09443003
49563828
59483992
39417026
59429599
19280939
99563864
29481683
59491336
39440772
59555012
29541941
59582666
59424945
69552857
49552863
49555814
59422220
69416817
59417619
09521604
49431927
79563662
69285618
69304099
19628020
69582680
19432037
89417057
89285783
89285801
19521707
39568906
69417483
19568530
99552865
29552864
19429643
59442082
39417489
19584926
59429660
19441838
29932181
49590153
19416198
69563865
09481679
59481667
39591214
89434127
69537697
59477482
19533357
99529083
19429596
29424942
19416773
89563713
79429602
69434270
39533455
49332362
99436989
29590130
09590126
79607680
69417690
99529115
49530201
39528326
69019144
89552762
89537111
89304102
69628032
29628029
39521160
79521455
99544045
59132287
99047744
49628014
39422221
99541952
59281036
29422194
59019663
89027421
99176321
59931627
49585378
79019916
89522925
19895283
99429781
39429755
29560289
69399587
49602127
19336371
19895264
19436262
20521565
90521557
39560571
09384051
39895258
09560308
99895284
29609163
69560310
19494822
59494820
79575924
89388644
09560285
69560292
59534760
29597462
39287398
69017828
79281790
69281804
69281776
79280738
49278237
70521558
20510958
59895318
49560575
19895481
79483359
59483317
89483542
79287358
89598326
89622835
49597461
59622827
59059461
19470294
99569738
29536058
09551568
79553465
49470297
19569737
89031809
59536325
29269719
09470303
99622731
29542021
69627971
39563862
79580553
69542646
69516713
69428132
00562528
10591728
80562548
10331858
90205097
80205540
60327142
10327154
80509481
59614549
29614744
29563396
59495773
59582671
09628025
09582664
79239843
39239835
79525627
09285616
69502674
19502817
40590930
20573248
39496617
59514781
19441739
09634696
79564360
19564339
79598652
19481363
09406798
09407024
29560227
59564337
29406797
59407012
59536797
79392217
89607482
69555361
30458889
79555365
19564363
99536804
49481366
59392218
19560157
99496600
79541745
19552751
20458861
89630996
19544068
99569205
69613479
09537110
49536868
59392223
59608124
69537112
19392220
79501688
99496520
09392225
69608128
19501686
09481354
20572499
79501693
69241422
49536830
69002426
39481357
39332112
70509486
90446493
30509469
70277995
10257311
80246376
00509102
50509190
09554977
89249375
20433984
10246308
60509076
20509196
10446595
20272839
10509502
50509072
69332115
60509458
50509492
40509505
60214569
99260838
79260844
70446502
60509062
10509173
50273502
80272841
79332054
19554972
70257313
10509149
60509199
40509138
30509068
60446545
50214560
80509202
70509113
30447023
89436980
60509043
40257300
50246702
80509099
10509187
99554968
49332017
60272837
00509499
40509119
50509208
59437066
49554975
89332039
00437577
99554949
20509083
49249363
20509525
50509086
69277840
00509079
70509047
20458234
59010988
19249369
39554966
40437580
10509489
69554955
40475261
69530158
10509234
89337027
79250265
19253714
39253713
80437583
39554971
49332121
59337024
10446604
99491363
10509516
30246388
90509230
19332066
29437082
89332063
99437050
19555448
49437000
90246328
90509452
50509473
30257292
60509477
09010981
89437060
69437056
59554970
19332090
49554961
59332045
60446499
19554948
89579016
49463353
19507315
89606326
40446589
10273504
69285618
59429660
29249514
20446496
69304099
89285801
89304102
19628020
10458220
59442082
09285616
79239843
99929241
59582671
99929585
29541941
49628014
39422221
99541952
79929586
49571507
49428232
89428254
29428266
69428226
59281036
29176292
19561369
89429748
79494386
09628025
19432037
30605418
19441838
59582666
29628029
89556326
49539621
09556127
99521510
89435594
59496584
89009568
69571380
99576357
59576316
79399596
09597463
69239495
99239489
19276522
09248006
39295138
09239498
69440252
39421518
29276550
99239502
19612076
29483413
49483412
69019224
49276549
79483401
89239499
19488213
59553051
09281722
29549027
99553049
89597845
49241324
69575585
79602588
89563015
59563088
59571700
39563758
29575592
39336884
69276633
79239490
89176307
09487855
29611651
59611447
39437029
49548970
29239505
39580593
19022549
09575588
29239497
49248033
39437835
29241792
79239503
29488241
79562785
69336359
19386078
89336872
59483275
09483292
69607510
49898435
19575234
09551182
99393107
89561200
10291678
40291629
20538599
50247377
60538601
20245964
60628734
30291696
80299874
10538811
40291672
00291650
40361085
09561157
29269743
69494829
59621408
89509702
19428808
79299016
19534413
39563169
90521557
89615793
99551578
29286610
29502001
19285833
19578483
59572653
79031414
49046978
09031417
99551583
29483818
69929247
79483613
49387019
29489603
19494469
99590382
99484386
59583227
59182201
49217734
29281066
09288224
29487840
89607665
79231154
39581880
39483549
49483389
59590402
39286558
79563134
99581815
89483392
79483552
49581889
19483362
49017834
79590255
39615597
89607514
89294532
09294526
49470320
89443297
29494548
19470227
19563580
59590256
79483340
79470309
69536320
79483298
09396426
39284998
09590409
99607684
29607687
89581887
49580093
89553870
79387107
99477159
09622735
29603316
69603404
29437181
39031411
19403935
29607606
89429164
79483590
89384684
59581817
19602341
39591068
19299571
29286257
49581912
39017839
29485836
19590376
89285820
09189200
49061228
79191266
49483662
39571697
49395854
09509659
09569752
49607752
69485288
69627645
40561862
29560675
39442219
69061227
99552177
49440601
59239504
00426814
40427005
59384690
19533041
89574491
39587151
29589853
99530128
00595190
39330250
79516703
99449717
99519927
30470481
89404074
99425721
19612514
29612504
99157501
89521515
89568490
09521468
69536848
69580563
99175977
99019920
29544794
99022550
39488231
69611121
29931596
29544708
00458895
29019056
79392222
19536817
90608126
99581844
99577639
89002425
59018734
99581995
09241420
79537687
39175428
99157469
39527930
49239496
49496730
29614447
89929232
10489132
09929373
29634742
39581979
79175983
39241348
99157474
99392221
99496596
39556258
99613487
90608923
59501726
99634729
49552764
09630938
69536872
39581998
30458870
89496714
09555340
99577583
79536800
69019144
79019916
39521160
79521455
79607680
39568906
69417483
99544045
59132287
99620751
39440814
99176321
59931627
49585378
89552762
19568530
69440761
69440822
99440774
59019663
89027421
99607518
39607521
39607696
39417489
29591243
49528401
89516707
19613518
29412519
79483364
49455348
79059262
09568352
79491284
09491254
39216754
89477372
59516898
49520235
29517045
29545213
19545242
19521482
29392432
59157447
09516928
19610223
79545277
69563115
59508148
99508146
89590405
49521094
69442642
79484387
59483317
89483542
79280738
69017828
79287358
39287398
69281776
89598326
69578824
29509007
29603316
69603404
89514020
29514037
39272641
39440611
39483808
09017826
69440600
79552908
79017837
39483549
49483389
59590402
29281066
79442712
59182201
99484386
79231154
49336567
99234255
79563134
29442615
49442676
19578794
79278325
59442713
69278335
09017483
39030591
59587193
49306872
99483594
09384051
79437273
09534734
59572653
09483292
79483340
99442711
89581887
89483392
79483552
59581817
69575217
79442627
39573253
89573024
19494474
69190936
99306860
19285833
29573263
59483275
69563988
79294542
19494469
99590382
19591154
49578226
99578224
39578222
59578221
89578234
29487840
49561339
19591229
69591123
69591161
39581818
39581823
29494548
19544723
39545335
39483403
89239507
39047921
49577750
39610316
69590982
69581732
69388640
09388638
59619071
59534755
39387901
09573023
59434949
09591036
69591255
79437329
99544738
89388639
09388445
09388643
49217734
79591250
69017475
79278250
39581880
59591251
49607511
59579310
49610293
59500213
89582679
69573020
19278328
89030584
09575220
39017839
29485836
09442720
09278338
49573021
19576182
09615527
99563581
09573259
59553046
49483662
39571697
59573025
99591150
59591067
39591153
39544374
49581912
99581815
69573261
59583227
39549871
79483298
09396426
39284998
09590409
49278237
49580093
19529218
79483613
99017445
59571757
19607517
49442718
09197605
39481654
89285820
09189200
59597465
39534761
99403936
79619070
29614838
69588267
09409476
89576598
09565527
79588380
29483818
79534679
89571765
19552949
89552941
79483590
10593652
60556911
00216665
00444479
20609068
30395533
20418766
39534879
39538245
79495084
29329860
29329879
89550616
99449642
99452111
89449690
29305661
89305842
79305625
69449672
89449652
49197420
89435221
79571761
19305666
19563580
49581889
19483362
49017834
89508118
89471544
00221049
80568593
69587296
90418857
00205501
30205726
49530084
00485040
10450554
30461504
29449754
40485043
80221045
00565249
79460975
70205480
40234436
50568580
80356058
20568609
60205490
00565230
10205483
99463044
60212419
40461481
20205492
30356051
00568610
40568613
39579047
40568608
60581755
30581771
80537733
30404170
90581754
09605496
79577070
49537759
00581777
40581756
30595056
30595363
39449800
70581769
69449813
39498541
89576433
99572279
20450742
29572225
89605204
99538964
39310011
10581772
30595042
59601448
00470487
30581766
79491825
89450018
80595365
09577078
00470492
10568488
10562542
99583230
00595369
10581767
40595372
69556006
79516133
29491696
70595361
19582767
40581775
99929241
19185433
00541687
09454746
99590612
09590579
99407067
49325286
69403947
09322341
79549082
49549371
89553040
19551228
69244312
99553068
19090251
79478089
59429735
39623738
69623789
49572559
79602423
70214564
09571712
69562762
79562549
69571714
89623590
89562775
19623560
69562682
90510931
29537086
29618761
09401772
89443184
19549928
90510926
60473015
90201725
39239779
99573207
99181068
59332192
39181066
99571703
49563753
89562983
50160406
29904178
39281725
59553070
69549073
50509128
80509122
29436252
79553031
39090250
89573217
09436248
99284306
29181076
79904190
69573204
10458220
30273409
09549033
79521399
09122851
29628798
89521488
79177703
49513975
29537642
79578404
69559991
79580100
49528463
89528545
80484881
80632966
00632965
69281719
20423602
69552541
59573214
79573213
79335910
00458206
79436259
99551168
99549000
19530453
89388291
69571709
90509230
20509224
59183583
29572353
20558479
20526742
00567856
70454083
80327141
30397481
20397504
00537727
60454088
70454101
00470473
30537716
40450680
49241296
40567840
70327132
30327153
10568469
70573477
10404166
50559161
79176082
19175170
30327148
50397499
70568579
69019083
10595175
59572342
30581747
90559135
10559158
30595160
09157299
10205727
29572305
30526633
09589076
50537720
70562544
30470117
99481378
79572242
40558478
50205725
80526739
70567853
90454082
09588411
40356079
59490643
69572370
69019592
89481369
09176306
50327133
10205534
20475257
49611136
79175068
79481355
29394978
59394991
20505768
80562534
10595364
40595348
00595185
59589781
90541683
10505759
19509215
40331852
80568475
99009558
99047744
10327149
39240792
69551570
79428117
60595192
89404168
09026963
90418876
20331853
99509400
79509359
49509426
20595349
69404348
69404089
99465774
10356090
99491527
59600830
09612350
19424037
69420485
49612094
19424117
29603401
70595380
60205089
10505778
00205488
00526639
40505767
30450553
99544663
09176165
50205103
40205085
10397496
90581749
59605130
60562525
90595039
00331873
00475258
90418895
80581764
80273181
00559149
10454095
20208202
89391825
89455997
49405037
50595178
69539253
00595350
50595376
19449957
79449761
40450562
39611957
40397490
30568468
49520235
19545242
29545213
00558507
60331865
29517045
00461505
50205495
50595055
00450578
30273188
30559157
50454102
70397484
00205087
89239499
40595193
50558473
30567845
60526735
49241324
39437029
49548970
99239502
29239505
09239498
20470486
99519611
89530138
59553051
09281722
29549027
99553049
89597845
39587071
09575588
09597463
20327144
69580983
99412686
09612171
69519721
29477619
09306505
89588940
69519882
49492195
79911713
19276522
49276549
69239495
19612076
30595377
29604783
79605775
19488213
40526736
29276550
29239497
49248033
40568496
40397485
89450037
09248006
39295138
69276633
79239490
69440252
39421518
60568481
49563753
20454090
49589630
09462949
79483401
39403939
79458623
99443225
39458955
99574264
49468020
09574206
99443230
09487855
50595357
50404150
29465720
39472013
09574287
79472006
59461532
09606325
39605819
19461850
29461072
99473608
99409392
00404157
20595189
30568473
00327140
40595188
19449919
69575585
89336872
79329985
10568493
30559119
39580593
10418875
39437835
00568498
70537724
90537723
59611447
89470139
20595165
69587569
09549863
20273184
00559154
60581760
29488241
40558497
70581774
70273191
50327147
39336884
99239489
79239503
99574495
20568497
09554656
89547520
89547167
50568486
29571706
89571732
19281024
59491336
39440772
40541685
10205096
09563608
59502877
09416212
29417710
00595171
59521668
89417745
89589609
59601684
89417057
19395563
39585388
89432171
30331857
49538768
19416909
09563868
99563784
80454087
59555012
69488574
19555009
69555021
49529052
69555813
09416962
59563856
99436767
79563662
10205421
19521707
70454078
89490948
19491164
09443003
19417193
90205484
99563864
49563649
29481683
69563634
10212558
49455937
49552863
69552857
99552865
29552864
29932181
49590153
19416198
69563865
89481699
79537786
39490960
19417466
59483992
00595034
09509334
10559144
80454092
30273193
19584926
39563659
29509149
09503025
20565229
09417693
89563647
39591214
89434127
69537697
70205526
90541678
19585450
90581773
49563828
79404687
20595047
40454089
00537713
59424945
49555814
10595161
19457725
89243019
19454675
69449870
90537718
50581770
20568483
40541690
30568487
29528713
20565248
20505773
69274460
10595359
29554877
40327138
50568491
10470482
39417601
49622875
19291645
09530118
60568495
80595049
10565239
00568479
10331863
99509004
40591703
60475260
20567841
39578137
79578244
10505783
30568492
20595373
09460790
19578138
90397497
70273186
80595191
10526629
19490683
40397503
20568464
70526631
89587238
79468820
10537717
00581763
10559163
99538638
50581765
60273182
90454096
20470472
30450567
90245946
00591781
60596243
69461881
70595035
59481375
79392203
49630941
49215853
39449739
29536850
59176605
69175059
19132289
19241250
59426628
69530097
39176159
69915919
09455996
09606090
40568482
60470088
00397487
40581761
20273179
60454093
30595179
09544709
69329839
89157318
09496647
79606058
90273190
10454104
39604551
00273199
00454091
49578231
30454103
79468716
59464031
59458252
99465972
80581759
40418794
89330262
39388000
99568833
49590370
69577476
29568841
70595040
99565518
29491719
09590372
60559151
70454097
49602127
70356054
40595174
59473511
99454742
09580976
70418858
29590371
40559133
29600167
89581175
59530125
29614838
69588267
09409476
89576598
09565527
79588380
49330235
99537950
70559155
90562524
00205092
69465006
60418811
40418893
99404525
19519224
40526637
79255060
59477806
19444196
79466798
89458444
09573787
49537839
29600167
09243037
29500988
19253931
99546780
49546834
69546791
89615793
59614549
29614744
29563396
19444219
39290701
89514063
09521374
19197780
49501939
89471544
39521565
29521330
69521333
79568339
49243016
49516766
19514071
19521401
49554895
79614586
59416361
49605512
69614718
19536841
29630999
79389210
39548961
89548987
49500652
69500632
09494304
99496855
89428310
99428277
79388164
39429779
59561536
29562981
79581152
29562603
49561527
89435259
69581591
19429718
09548905
39431230
09430147
99552785
99546515
29546533
09549919
99549905
39527906
69500646
59562593
39500638
29429708
49435968
39420444
19553642
19623555
39500695
89488709
79562993
19336149
59563012
49563003
99429757
99614533
59597658
69623464
99626244
69454376
29904630
59623515
39336148
89481897
19431330
69500689
29895471
39054836
39494821
89466260
09261074
90510931
09895472
99607467
10515112
50273413
89623533
49895328
29123958
30447023
50509190
29392432
89332039
99499571
89437178
60509199
10509234
60446499
60509062
39332112
19554948
69277840
49619651
80509099
10509187
99554968
49332017
79583231
89544183
09544101
50605747
19609012
49560306
59432177
39609006
29514042
59514088
09521331
39568341
99521614
30509068
50246702
39548961
89548987
89274176
09581419
19581409
39581130
10246308
60509076
20509196
60509043
19581112
49581120
89581284
19581428
49581422
99606707
99581410
09466259
59458959
99538049
89519895
79330253
99464864
29051414
79498445
29457206
70509486
90446493
89581123
19581126
69459005
29420492
20458187
69581124
79492127
69494607
49597376
29552171
49575911
19575922
69575849
49457743
39581432
79477711
99473439
00458230
10509149
30509469
70277995
10257311
79473464
39615795
69436269
99581127
49489230
89473473
70509113
20433984
09460889
69457539
90458216
09505331
29588392
89467052
59519222
30246388
49249363
19249369
20515116
19602765
89299539
59603367
49603315
29278219
89261070
09261074
20272839
70446470
09241793
49476770
79419448
19602930
10446604
50509072
80509202
89514063
89514020
09521374
29514037
70521558
20510958
49514022
69571281
10509516
19332066
40509138
89618032
89477428
69547941
09477427
29603774
39407070
39554565
59477260
99477263
49477251
89548124
29574192
79437206
79336518
50214560
60537729
09534772
89534810
19437332
19322492
69547960
09574174
49603711
89603709
59547507
10535092
09547473
19322430
29557772
29521194
49554961
59332045
20458234
50277977
79578135
99578243
49575204
29606701
39573248
49915897
19588665
89565463
29310238
29257226
49112807
09426664
40537730
79437169
09437163
10509173
19274311
99586752
99601960
50509208
50273413
09895472
39494821
69578131
29578232
19542644
60446545
19895264
59560297
79578951
39054836
00521552
10446595
69332115
59046690
90273411
80273505
39420019
59492779
99580986
19419620
39580994
49311492
99297144
09575847
89575928
69544099
30510905
09615787
09578233
09580976
09297488
70446502
60509477
49554975
90458202
89623477
50509492
60509458
19546543
60272837
10273504
00437577
50509086
39554966
80509122
90458202
60473015
90201725
89895251
79332054
19554972
40509505
70214564
79336151
00458206
20509224
50509128
39432178
49602491
89623477
39432183
20515121
40437580
10509489
89249375
19602765
30273409
89261070
60509241
69554955
89499576
49575906
00458230
60273417
20423602
79895303
90458216
20515121
10515112
79442665
79278293
60214569
29895471
89466260
80484881
89488040
99600036
20521565
39895258
09560308
19494822
59494820
79575924
59609147
90246328
00509079
20515116
79436264
80510960
49407055
29615456
59010988
59297141
90575569
70510908
79439762
70521539
50510952
39437166
99560573
39560279
29248010
59895257
19552176
59560674
39442672
79197584
59494603
20509083
39499574
50575571
50605752
30510910
19548542
49437000
20509525
99554949
79336151
49500280
90509452
50509473
10509502
39260841
79561286
89436980
19436262
99615797
09417382
69562823
39403821
19590606
59534760
89522925
39571758
40605762
89439785
89552187
79490798
89609155
69560579
29609016
79432176
99607467
39432178
49602491
59622827
59059461
39534836
89403461
59582765
79483359
80437583
39554971
49332121
49508158
39620749
59437330
59560283
79572204
29575926
99611488
09437747
39496716
79281790
69281804
00421185
09437832
89388644
00509499
49597461
29597462
59895318
49560575
19895481
60509241
50273502
80272841
69421437
29612245
69602918
99598038
89440265
89622835
69403462
89494606
79420480
29495920
29278262
29301762
69616251
49280042
09284650
79902935
29249514
39184343
39419624
69068337
79616255
40509119
59437066
10591785
69281719
39432183
50245953
50538809
89895251
09122851
29628798
39281725
69244312
10538806
99297144
89437178
30257292
59184337
39477242
00628732
39571862
29534771
29619402
99571864
60245962
99573207
99181068
80246376
00509102
09554977
20446496
39239779
40510962
79553031
59332192
40446589
00361087
50291624
10490852
40291667
30299895
50160406
99895284
29609163
69560310
89553040
79549082
09549033
39181066
29904178
60273417
79895303
09560285
69560292
00291626
39483342
79177703
69571714
69549073
90538614
90294512
09061230
99188343
79188320
29181076
09590372
09534809
59534779
39534817
49514729
49571767
99549892
69549916
90510926
29574192
79437206
50538611
70474062
59421796
59440728
69611480
20245959
29440819
59477482
19533357
69573204
59620753
09392616
59597371
29514730
49580998
80291670
29439825
89571751
70509047
40257300
29537086
29618761
09401772
89443184
99407067
59470211
89623533
49895328
09392616
19571858
49407055
29596815
19554953
49284304
59565964
10490927
00296313
49549371
19551228
79440275
89573217
19090251
79478089
59429735
39623738
69623789
49572559
79602423
59429250
89404583
39560571
29499584
89590127
99553068
99605816
59574242
89589143
89188292
39407070
99603370
19551214
99549000
99571703
89562983
29437082
29590371
19583229
09396346
69562762
79562549
89623590
89562775
19623560
69562682
79335910
79436259
89404583
70205606
59553070
59046690
59573214
79573213
19476818
59437759
99398690
69571709
59430866
09617786
39536048
29569751
89471285
69418067
99429540
79010614
19471255
49569745
69536264
89536036
89536003
39090250
59574303
59471404
99574320
89617787
19536025
49543920
39576195
39608262
69574307
89536296
19536266
19574300
69485085
49429694
29429275
79536008
40245840
00538595
40245944
49536236
29306665
59270274
59306292
99306643
99306252
49311492
89536041
49611136
79904190
09176306
69019083
19483277
40450680
79241285
59572342
30470117
99481378
69572370
29572305
69019592
59183583
89617443
49619401
79428117
09436248
79572242
89481369
99284306
99009558
99544663
09176165
49241296
79176082
19175170
29495920
29436252
39597367
79175068
79481355
29572353
09157299
49576208
19504350
59552645
29604387
89533448
99533061
59589955
09297488
80632966
00632965
79589780
99587105
39581408
69575222
09575215
69579102
59614926
19615602
90591786
70591787
29274481
99587756
89578724
39586892
99290623
19308405
60591783
40591779
19578906
80591701
80591782
49561706
69516893
79258308
19590989
79499992
19483908
69471446
39425045
19618827
29597872
59284662
19552100
79552121
19287479
99529083
19429596
99529115
49530201
39528326
89269108
89458104
79547276
09528511
49529976
79527829
49521602
19521378
59529971
60554993
60568320
50506865
90535093
79528536
59514012
09521265
89513964
09514038
99571294
99578441
69521366
69521540
59521729
09528455
79528598
69528527
30535091
89521313
50554998
19528596
79516755
49521372
89528512
80568338
30554999
30506197
00568304
20506862
10535087
79513993
49521391
09521543
09514000
79521262
59528537
10568308
40554994
80506213
29521373
59528453
29521325
69528400
49528401
69521234
00535064
29514018
89547030
19546699
19253931
69500632
39500695
19553642
09494304
99496855
49500652
79581152
29562603
49561527
89435259
69581591
19429718
59563012
99614533
99429757
39429779
39527906
29614782
39392219
79929341
69528339
59555762
89526607
09555806
49528057
19555764
09437238
69437235
89437258
09573848
59492581
69507394
39504368
79195293
09514397
79449563
59536014
79449695
49485307
39554363
49608271
29501695
09483819
29568493
09902934
59537688
59157447
39579311
09607594
49607592
49575223
09615594
19615598
19575234
29607512
69590982
19591272
39615601
09631179
89591160
29591064
39529156
19573027
79591250
39577703
79494857
09610214
49496297
39384988
29390107
19496543
09496751
09631184
09580014
89291326
49581790
49607511
59615596
20598767
89590981
39620749
49495066
99495078
79495079
69591123
69591161
39607516
59579310
79607595
49610293
79607473
79437169
09437163
59591251
79607519
09607513
69575260
49577750
19514702
59509001
39509016
09552110
19607517
29575224
49591256
49578226
99578224
39578222
89578234
30362523
30560523
49429241
59502113
29482885
99627578
19484234
79197843
89502041
09392584
89508868
90492847
29477191
19399924
19579307
39501987
39610316
69551235
69607510
39437166
99591150
59591067
69591076
89569748
69536235
19535587
79535594
40590930
89425024
29443337
69424148
39443209
59508860
59399917
79536206
79424162
29489622
29535596
49535595
69476769
89612092
39476822
99603365
29476771
39490719
99336517
89606307
69615751
69588408
39516762
29574465
29606659
59392572
49392394
89401221
99401211
39399310
99409132
99399331
59409129
49401218
39400587
69399342
49399319
19401125
99399920
89400603
59401128
59399427
89399497
79401212
49409120
69399304
89392486
09399439
09409117
39392568
29392408
69399356
89400599
49399475
79399474
59401227
49399296
19009562
39504575
29615791
49496297
39384988
29390107
19496543
09496751
29545331
79554356
39443252
39443327
59270311
09272666
89269740
89269721
99471261
79536070
19470326
79536169
89568292
49536302
79576198
09571665
39571683
59530328
69607727
19607744
99607735
69483595
49510401
59511278
69471494
29494586
29607729
19607560
19607635
69608270
99607764
99608202
59607737
99471341
69485127
59485199
19471458
29469493
79607722
39607719
69571375
89607689
59608341
09627530
59619151
99619187
39270326
09568272
59489866
09399024
09306261
29536020
09418051
49528180
19528167
09563849
69622563
29617785
99269160
79578951
29578232
69578131
49604188
99605053
89589275
19587755
29459413
09610214
29440819
39504486
09463760
09507311
99455807
39389189
79431577
40537730
79578135
99578243
49915897
19588665
89565463
29310238
29257226
49112807
09426664
19274311
99586752
99601960
79587781
09578233
59620753
59387132
69568354
19610223
09568352
99576357
59576316
89477372
69476769
89612092
39476822
99603365
29476771
19521482
09437238
69437235
89437258
69139684
80205540
59284879
39254326
90205097
29911715
89576466
79455733
10591728
69554535
19009562
39504575
29615791
79482897
49399036
89615137
39613881
79195293
09573848
59492581
69507394
39504368
29576186
79554356
09514397
89577753
79449563
59536014
79449695
49485307
69608270
69528339
59555762
89526607
09555806
49528057
19555764
09571665
39571683
59530328
99527569
99528130
69528971
29434130
89590207
59562593
69500646
39500638
29429708
89488709
39420444
19431330
79562993
49563003
19623555
49435968
59561536
19336149
59597658
69623464
99626244
69454376
29904630
59623515
39336148
89481897
09548905
69500689
59270250
39536307
89471501
69269982
89615750
79607473
69588408
29536850
79012991
60325162
60470088
19139827
50575566
99441778
59444142
39490719
89606307
39516762
69544363
69011505
19634733
89590207
49323701
29252865
89177665
79177642
19528172
99429535
39485299
59617784
49270260
19537096
89392575
09392409
69400543
49537090
39613881
89458104
79547276
89615137
39612103
19508857
69514691
89508892
69514686
10362468
19502092
49501982
49387076
79461611
39605428
59454536
49455975
39588674
89604332
69274436
89429159
09388474
69551594
09502016
29420492
19552176
59560674
29552171
39442672
79197584
39299565
89299539
19437332
99603370
59603367
49603315
29278219
89188292
39420019
59492779
99580986
19419620
39580994
39419624
69068337
59494603
89488040
29534771
49607592
39579311
79442665
69494607
79278293
99611488
09437747
09534772
89534810
09534809
59534779
39534817
49514729
49571767
49597376
49476770
79419448
19602930
39184343
59184337
39477242
89494606
79420480
79614586
59416361
49605512
69614718
19536841
29630999
79389210
59597371
29514730
49580998
59176605
69175059
89157318
09496647
59481375
19241250
39176159
19132289
09544709
79392203
49630941
59443029
39399904
89569753
49306792
39401228
19409145
99399897
49537839
59419637
59516940
60325162
50575566
99441778
49511293
79012991
69544363
69011505
19528445
49516709
59537688
19139827
19634733
09902934
59444142
29568493
29501695
09483819
59536797
59489588
89514893
79489686
29392413
89425043
59400609
79401132
49424173
19399330
09425023
49489640
69399436
19551600
39536307
89471501
79461611
39605428
59454536
49455975
39588674
89604332
69274436
59471574
09574782
29471580
39553467
79552932
29536195
29614782
39392219
79929341
69551235
89269108
69509034
29553873
39508998
49509025
89536201
09491230
59491242
29509031
49552127
69619184
59291158
39291183
89323718
09562722
79323592
99325477
09326099
69325469
89562723
39326093
99602078
89602031
69602126
19602082
79480817
49326078
19326070
99403470
79403471
99612567
29613424
59336326
69509557
09565674
19310272
29274481
39588513
29463472
19577172
59565662
40592222
69606105
19505335
19924775
79504229
49538419
49504481
69466063
79401735
59158003
49516752
19529973
59509435
69576797
19458409
49504443
69507327
09504223
49460217
69456667
99579025
49140631
19157487
99473378
19507184
79504210
49504297
69509430
79578908
29215806
39274621
99566221
59497828
39215919
89606289
99538308
69280512
19538114
79468877
29461543
19459507
49463942
59605074
69409303
29473536
09505246
09507368
69550434
89458057
19027066
19473527
49588824
29457126
79329971
79464718
99574221
59504471
09504303
49505329
09463703
29504482
09586902
69457110
39504523
39467511
19505321
89257582
29581423
99581429
39460944
99478168
09509447
59469788
19469790
49457069
69539390
49492096
49404325
99492174
19589778
39587957
19458065
79405012
59589601
59468487
39565333
49589908
69462710
39462368
49456244
69274200
29460256
39504231
89919775
80567838
60567839
29440824
59430871
99432057
59489178
99421803
59612084
39426200
99465986
49456183
49581115
69614940
90454100
39504472
29601242
89551003
69588031
39492049
39049977
19605617
79547931
19589575
69589281
99587167
89587573
49215805
89539290
29565828
69537876
99521398
79574199
89574274
69588205
89538573
89509491
69588385
09603987
59612786
29603972
39612103
29627355
39627331
69432704
59627349
09603987
69574270
09461563
09498665
99465991
49497739
89573750
99460842
19468936
79455587
99386786
49538551
99444197
79578833
89574151
69604432
39507423
59604692
89462969
79587922
89574288
49472017
19538185
49566233
19469139
59915905
49519722
29461883
29026349
49565337
79509378
29454910
19504289
49605098
09505350
29611081
49467737
19454722
69458732
19454784
29509088
19477785
60562549
79547771
99528620
39571292
69514016
79617882
69606704
69528424
09326099
19571288
79528579
99571289
29521542
69514040
39568317
29603972
59612786
59528599
09521623
59528518
99544093
49544180
29549918
79579899
09565674
69509557
89919775
69547700
49538424
09550823
89027162
79329971
79464718
99574221
89257582
09622641
19552124
19590574
59537042
09477333
99399005
39392455
29537072
99399109
89399483
19399486
29401295
89399124
99401414
59401411
09392466
59562121
19392480
09545271
29521472
39571287
39528492
89545229
09528530
69514097
79545215
79537102
59401425
19392456
09537054
29424145
49514098
69528462
29521486
59521324
29528464
89521563
19521613
09424127
19400606
19521397
39399305
89399435
29401139
79521337
99528583
49514036
19528520
99528597
99399901
59477156
79477179
29514080
89401136
89401117
99521591
19392569
19392395
39568275
09521562
19568318
19476837
49270255
79627621
59509671
49424168
49528533
39514094
49521329
99527828
19521632
39528604
69571295
29521113
69521601
19546977
69331856
39501077
09503191
99552672
39530428
69521489
89514100
80535121
39528562
80531769
20535082
19440787
79547771
99528578
09521114
79528414
59597093
29552642
69532992
29571283
59178077
89177566
49516714
39252515
29178074
69528495
59571291
49581115
39460944
69614940
79610079
99608985
79608986
79602630
79437089
59437085
49249532
59401425
89399483
79252858
49495820
79489610
09509013
49440597
09537030
09513996
29552642
69532992
59552551
09503191
99552672
39530428
09495228
79495244
99329847
69331856
69589634
99585210
59433704
19457481
99566099
59537928
59473573
79491726
59458285
49459935
39498777
19601488
79605068
89461856
39478350
99469965
89614944
29477488
49480828
89575438
39477973
59533341
39252515
19513123
19305077
49590252
49508238
79587050
19177579
69477622
99498901
79587267
69330296
39574196
89252773
59178077
79612568
69606723
09573235
79047622
39439839
39440852
29412487
49429707
19047432
79515063
89177566
49490752
29613424
69578126
59566671
89564675
49395849
69567496
39607564
29607526
99612567
19612095
09612086
49612089
89612266
79610079
99608985
79608986
79602630
89332124
29554962
19440787
19249519
69277835
79277793
39437053
59537768
59437085
29437063
49332036
99437088
49457272
39573804
19491847
09513091
69562494
29494421
79456431
79455484
89509410
89345070
79409326
69466157
69588960
79573821
79565656
89417707
59563620
59597093
29488571
19442692
89197423
79456214
89459226
89257577
79491566
19605212
49605164
29581423
29466970
40591699
99401433
59537042
09477333
39392455
99399005
19399486
99399109
29401295
89399124
99401414
59401411
89329975
89519602
99329866
89589015
09392466
59562121
19392480
09545271
89545229
99545257
29537072
20454085
79545215
79537102
19392456
09537054
10581753
30273174
20559129
09031813
69399894
89471474
59449922
79622548
09482886
59482898
89399893
89400561
79579125
19552124
90591692
59569740
79574241
80537714
70568584
59586891
19391782
39469765
89467976
19469587
59391935
29467903
30505763
69925536
10562537
19626568
70568471
39437289
69437216
90454100
49457470
49454626
09472043
09458631
39600176
80327136
30541681
49391827
69606087
99463572
09473599
49464201
69605163
89492080
29457126
69465940
69604682
59462471
49426817
99473571
89459108
89364737
09473537
89538771
70537719
29578227
19615598
09463703
19604873
49588824
09467579
09504303
79574547
69578980
59607474
89509113
69591076
79588064
50273192
60454106
49591256
59494844
89587931
89587771
59587664
80591697
09588859
59615600
29575224
59579305
69586942
59587862
59587225
89588855
19509324
79473609
99588685
99588138
99589680
79504286
69589163
59588003
89497681
29588995
59464998
20558484
59404891
89574537
99587167
10418856
50356074
89589100
89509212
79509161
59509119
69509091
89529106
09533433
49589418
39587523
99404059
99588223
89587785
89588290
99527772
59588705
79589520
79587781
49587198
49538872
19588217
40327143
69533473
09532985
10273189
39591351
79591354
89526099
59527929
49332376
59575784
59311463
09195625
59624949
69295349
89431930
79295377
79571855
09571854
59487688
09529087
40404155
99513930
59533384
59530446
89591155
59394986
69454263
59467510
89473500
69458869
19461510
80558476
80567838
60567839
89387135
20581776
10356052
40418850
49469487
30297882
00558475
50454079
99565938
49509110
29601242
99460922
69612465
29544303
19568931
89618329
89405115
99492310
39588061
69601725
89587281
69589375
59569306
59305155
89463742
79588747
89588662
29463599
09566273
39601492
49574558
89504356
09498731
89385532
09597000
49590775
99609193
79608991
29608984
89596935
69606092
89611950
99611898
50595183
79597092
99596647
99608773
79589596
49587160
59588545
99589449
39461646
49622093
90595360
89305074
39615390
10595180
39561486
69596941
49385529
29388656
79590260
19305077
49590252
49305165
99596746
69473596
99623716
99399878
49564446
19610077
39574912
49497739
49574148
69566350
99460842
89462969
69426755
39622098
29573753
59462188
49601482
59456762
49462990
99604529
39589433
50357568
59612404
39257202
39602632
39618275
09554915
79586890
99589048
49585038
39404321
29520095
09550663
09618272
99597091
99609169
89596718
09580009
00581758
80273176
10559139
20327139
29568902
20475276
79589959
09589934
00595374
39601939
19601266
29455778
29600638
29589240
19589957
09590490
49587438
69509411
69456969
09509452
99519183
09274627
89469051
59571489
49538551
59605106
99386786
59497512
69623708
59588748
59610141
59484454
69523520
59458271
39027150
99456878
89477782
89469720
89617419
79608401
39626572
09610129
09450022
69618325
89530162
19596934
80559131
00454086
39519204
59920247
19027066
59915905
19605617
39610123
39589956
69590473
59608384
99027114
39254289
79606483
89254994
39329831
99466636
19507141
99565976
19454722
59468963
79215955
19454784
89509293
89509245
39274254
49509191
69509128
59596710
59596588
70404168
79589935
29568898
20595052
10397482
00273175
99569465
39625817
59428769
49574493
79441053
59597026
19589943
59589936
19569290
30559162
40454107
39589744
49589668
19586845
49586938
09561567
50591707
49460241
39457121
19399735
59391803
19499141
99462153
39565984
69606087
69565925
99465180
39507244
79596587
09519173
89600353
89587484
89587417
99600362
09608287
50205099
69618330
59449724
99444197
19310272
09386088
10273194
20454108
99463572
69539007
19566084
39611919
09457368
39589937
69608388
09454987
99455435
09391787
39455056
39468780
99470049
99460658
59458214
69391968
49215754
29538750
29608390
99465991
39472013
69574270
09461563
09498665
19589962
89573750
19468936
79455587
79578833
89574151
69604432
39507423
59604692
79587922
89574288
49472017
39297118
89388093
39473531
00205493
49548994
09465641
99469475
59465634
79467571
99509382
79606355
29449810
79587489
19601940
69528037
49513956
29530235
29528299
69589281
79544094
69545329
49539409
29549918
49544180
89591216
19449863
19457909
70568584
09461445
09533386
89480317
49477492
10562537
80537714
09424127
29401120
59399347
59588022
19588024
49588013
79461847
29554962
89588407
39588023
79586852
29213464
90273185
19519016
10568474
89332124
69185435
59395844
69501938
39487806
40475275
50205438
09502101
20475281
19501974
69484236
79388475
49565926
29330241
49501944
60537710
99544093
89545328
99430845
49549917
69546531
79605775
09575164
59606714
89606656
59574732
80537709
20559148
59430140
59606422
59467794
79574255
69574152
49574252
79577046
99588751
99601984
09573235
19575187
99472010
49498852
49600637
59573756
79472030
59574261
79468127
59471475
19565824
09456321
59473549
49507427
99329885
69509251
49497536
19502129
79550565
89550598
79576612
99612039
49546513
89546525
79405012
19492187
79538757
79613105
69573402
79574439
19612571
79612568
69459939
69461070
29257580
89589421
89589303
79588931
69606723
69612578
99573467
79550297
39467511
09612581
29612580
39612570
59612574
19501969
29257250
99409472
89605572
69458181
99924205
49465446
79462314
89457411
39507296
19392022
29243022
39458564
49467657
29538745
19463203
29465942
09426490
70591711
39461670
30591708
40562531
99213465
19917826
69465148
49395509
69463352
49464201
69604743
19507283
49460929
79465483
19452474
89579097
29538712
70591730
19582852
99509358
39578811
89509325
59509360
59453198
79509397
09509329
99579006
39509455
89509429
09583611
10591691
99530072
90397483
20581757
50559137
90205422
99031408
99619413
39619411
19619407
29619398
19332373
49332357
20568586
89566373
79538719
19469587
09457740
19391782
29578680
99142802
09469804
19460501
89467976
99459645
99456251
09473599
49393058
99458033
49468001
19310007
09309938
19574668
60461499
99473364
69028049
29507169
59049882
89473388
09463053
49538589
10600657
39600850
89539087
49519637
69539333
89426698
49601694
89455285
69913388
29477600
99051745
89456039
09477757
39274329
69507186
39051673
09426616
39426592
79215837
59433332
89538403
70568490
60327137
89426622
99473397
89574523
69509251
39497706
49215914
59576632
09519776
29604943
09539326
49426619
39426667
29611081
39578854
39465357
19588769
69605752
79587074
09589463
99465514
69504357
09244310
19332151
39188176
59603579
29580980
89498930
89492424
29420152
09612185
99406708
99597369
99603577
79437763
19589778
79589577
49505329
29463472
29504482
89588030
69509227
99539063
59601716
69539125
99600611
49601726
49492015
09537921
99404441
09605316
79574632
59538305
19492366
79576607
19587699
89509491
89586960
79589600
99498581
79588974
89498044
39587132
39587523
40356060
69507228
69335637
59310227
29457150
99462902
39519732
99538520
09537935
59391803
39601939
99600362
99465180
59467261
69920242
19112106
39310332
29335658
29409395
49467737
49519722
99587313
09257374
29335663
99578672
89600391
79588894
39142584
59497550
59588461
09404068
29605301
79274389
69049867
39492049
49492572
89919817
79409492
19457933
29605607
59507318
19473457
49452241
79507261
29574168
49587141
39587684
70356068
89528300
80475264
09449892
59509218
39580418
69437080
79436914
19499160
39425352
19436969
59437127
69436962
59422197
89634739
29604641
59465484
89498218
89469715
09605123
99489925
49433196
09562171
39551736
29562194
19623579
99519022
09577144
29467903
79467062
89579040
69469721
49509394
19465527
09467292
09435965
29500969
49432267
29623574
59489927
39518916
79509378
29454910
29587533
29509385
99432972
39432376
89561422
89515166
39435742
50418897
90475268
09587237
59589149
79604988
09455067
29521071
00568587
39602043
89336377
59602037
29614584
89610936
49614842
69601706
89605421
99605246
99604826
29461543
89588006
79605860
29539368
49457069
69578701
79565500
89376561
39470189
09589905
39589536
59498045
99458636
99588299
29587420
59587763
89467453
19924775
19473527
39504472
89551003
69588031
59565662
49463942
99465986
49456183
39049977
49589833
89457425
79204810
29215806
79539224
19538114
59469359
99469055
69458992
99466636
79215955
99463464
49459186
89112867
19538208
99463987
79470031
89461856
89455209
49498258
29454444
59456998
59473530
69924787
69465704
79492368
99465646
19498778
39462306
39577270
89464124
99465062
89466062
99585106
89585215
89606430
39585294
19538185
79924777
79473572
59538225
29473414
89433496
89461917
49457427
19051495
39605051
89589242
39454740
99141794
69112806
49458870
79578673
79550363
29550129
39605391
09550842
39550765
09459193
09606212
09509447
79310518
79274469
89459127
09467904
49449833
79330229
99915927
09589651
99606255
19499160
79491646
80205502
79538757
49565498
50558492
70568485
10595180
79481652
09481698
69481681
99481670
79481690
09481684
79572421
09336395
49572521
99623556
29623456
79590806
40418874
79590137
39336191
69610065
99433231
99561327
99432967
49261072
10470477
89519777
90404172
40299890
40538616
40299885
09469700
49204411
99047409
09476833
19612142
39602929
39420000
29476766
09586959
79566415
29588472
39604377
59491553
39274391
70205499
69920355
09913386
79027054
39255057
79274313
59417742
49439848
09429224
19612081
89425910
79468486
29915921
59911691
89538993
09507212
09300377
79911685
89477640
89458222
39578707
69606092
99605901
69605667
69499087
99605920
19565452
99604893
19257585
49579117
99585026
99604440
79605474
69498950
99472010
59460052
29566069
09274482
19604873
39257202
89509523
59585212
39585312
09585115
99051458
49585241
09587671
69586843
79584693
69585141
69538772
19585134
19585308
99584630
89604799
49598074
49302685
09208029
19419074
89441081
59439824
09464769
39394992
79120071
69578640
79917828
79454917
79429273
49440861
89440835
39612080
29441079
59429274
59507907
89612148
79435863
39378765
79467284
89573788
59588885
49355645
49588918
79612139
79330663
79612115
19603581
29435870
29406924
69612106
59422178
89611484
89419438
29068443
99490655
69419439
39439863
29432032
89429692
09622863
49490554
30505763
20475262
39578123
39563131
30404151
60565232
29398684
39429680
89439827
49440842
39440852
80397488
09394979
09574942
89573415
79461461
89466707
39504523
69460235
19606872
29606697
49601986
49487684
49573224
29606598
89612191
29440230
29420152
59422178
79612115
49420014
79419617
19302696
59575185
29575196
89573241
69556073
69422187
09612091
29612090
09580995
59612159
59612084
79425152
79612262
89440835
39426200
39588867
89606048
99589656
39537953
19587675
09588312
69585301
89586955
99575490
59613111
59589111
19587642
69284647
69336383
79478193
29589645
59600825
59330268
59576887
09473387
59588480
19575521
39601982
89480322
19601978
49449913
49612579
29612575
60205094
39606668
59533341
99463529
09467659
69538183
09480868
89601480
79353348
69606704
89498548
69605002
29565946
49565568
19458796
59574459
49573323
29613117
40212401
89585135
29584695
49613135
69574859
79574948
89585215
09613123
59454782
39604508
19142434
39574728
99575206
29449909
00273180
40454094
39574945
59573600
39574455
09601498
39456598
39605145
49480828
39469765
99604888
19409254
89461248
09565400
89600819
69600599
19601681
49601934
49490691
09587548
19587312
49587706
39497508
89575202
59120289
39455344
19469139
19505321
39215919
89589082
89417707
49563668
09509975
59563620
89563652
79416336
39417168
49416776
99509476
19587784
59459138
49469784
29458258
89600640
89455493
09538256
29579062
69509331
69509350
69555766
79607675
60273177
50559142
29455943
69391930
29469214
89457623
20205487
69528184
59587678
59499078
19509197
79491887
79409473
99404441
89579115
49606432
99274411
99519908
99507180
29563829
79563855
99568362
49509718
29563674
39519379
99433491
59459671
09579143
49141800
09257232
29458480
09519776
49601670
29426578
29416758
59417153
79416770
39588513
99492635
29579000
39462797
39426686
89404903
09539048
49329977
09566268
69468665
19442692
89197423
49566233
39473606
69391987
49605098
49504481
79504291
49460217
29477488
89575438
39477973
29587514
19917925
29578736
29504302
89504479
79416893
69416884
59601716
59538683
19577153
89458057
59433332
39473418
99538997
59587720
09472019
59463183
99409207
09409202
69457110
69469556
99504290
49550430
39521382
39612155
59490803
49612145
09208029
49302685
49598074
79424341
29387765
49598045
89612148
79521403
29517026
09404431
29584624
19521383
69550434
79463479
09472043
39603735
49514102
79521592
09517013
19604689
89604558
59497852
49605611
69605974
50273192
60454106
70568485
19568342
29588858
59589333
89589807
79588974
89588964
89586960
39501435
99431897
19480274
39431150
69435260
89561554
59562951
99431312
09581711
09563731
89576904
39579288
49563734
39578496
09578638
39588339
29563711
79561583
89386616
39581936
79563775
19431325
09563707
99563741
09579280
89473538
59470032
69378740
79458289
69578230
79498803
39456857
79409307
19600337
49574285
39509403
09586756
29604617
39386647
79458543
69455272
09461474
39519058
09579119
39441093
59618217
39538561
79466519
29426494
49462363
49120082
69028049
69466553
99459344
69465964
89509523
99537912
49426817
99539218
89538016
49473516
79456817
99460837
69463168
39455419
59578952
79458755
69409459
29519515
39550727
09491348
59590398
69484236
39501987
49395849
29468790
09495228
49495226
89504525
09576446
89614944
69581416
60595045
39478350
99469965
59473573
39586892
39574196
79456214
89459226
89257577
99579073
69589634
99585210
59433704
19457481
99566099
59537928
79491566
19605212
49605164
29466970
99597784
79589025
79589412
89586776
19468333
39589131
89589925
60562530
79515063
69498813
79586791
39589800
79586828
39589715
19612359
49612193
19302696
29578637
99466698
69504362
79463846
09555830
39612221
19575494
09589123
29588306
29612189
79491646
49257536
49141904
19534880
09581909
29026349
39530094
69514728
89514727
69606105
59504471
09586902
79504229
59440224
49421424
49612254
59302675
89440454
89508104
99418891
89398742
19580985
49420014
09244310
69406719
89204414
69393038
19332151
39188176
59603579
29580980
29278304
09442678
09612185
99406708
99597369
99603577
79437763
89547879
39515060
89634739
99489925
49433196
09562171
39551736
29562194
19623579
09435965
29500969
49432267
29623574
59489927
99432972
39432376
09508103
69301114
89561422
89515166
39435742
99473364
29507169
59049882
89473388
09463053
49538589
39600850
89539087
49519637
69539333
89426698
49601694
19442710
89455285
69913388
29477600
99051745
89456039
09477757
39274329
69507186
39051673
09426616
39426592
79215837
89538403
59278265
19197596
89426622
99473397
89574523
39497706
49215914
59576632
29552915
29604943
09539326
49426619
39426667
89588030
69509227
99539063
69539125
99600611
49601726
49492015
09537921
09605316
79574632
59538305
79589600
99498581
89498044
39587132
19597820
69507228
69335637
59310227
29457150
99462902
39519732
49490752
99494272
99538520
09537935
59467261
79588894
39142584
59497550
59588461
09404068
29605301
79274389
19483588
29605607
59507318
19473457
49452241
79507261
29574168
49587141
19175976
89386107
89528300
80475264
09449892
59509218
39580418
69437080
79436914
39425352
19436969
59437127
69436962
59422197
69521074
39068329
69549308
29566743
19496500
99614892
09536907
69562494
29494421
79552951
69552942
89442641
99017186
09502101
19502129
59409148
09552172
09440679
29521071
29602915
99421426
69620540
59419072
19552911
89596935
29544303
79597092
89618329
99596647
19568931
99608773
49622093
79608991
29442663
39615390
59569306
39561486
69596941
49385529
29388656
49442643
89442617
59610141
09554915
09618272
19533395
09533471
59596710
69530441
49503245
19399735
89388093
99437093
39297118
89596718
19610077
89295169
19437252
39589937
19589943
69608388
39318031
29608390
59608384
09589934
39589956
59437090
49332003
69277835
19589962
79589959
79589935
29614904
39610123
59305155
19569290
39437053
99597091
89437300
09386088
59612404
39469478
39574912
69612465
69277816
79277793
99389209
89514765
89458608
19458409
19505340
09120079
99505280
09504275
69466063
49274395
99215841
59492393
89590599
59572568
09404582
19604420
39459648
89454931
99505275
49604386
49601689
59484468
69547700
69521658
99607660
99473482
69459034
39619166
49568294
49550703
09454954
79538173
69507167
89409509
19536285
99569743
19466838
09454416
49459186
69492689
09585238
19465061
99473547
89461309
99579025
29409512
29604561
79027983
69473412
29467762
59052129
79461178
19507184
19546977
89577041
99507199
29604066
29519515
09550842
79550363
49920200
89519621
79426731
89568287
29401422
39536152
99538313
99465646
99477649
19539137
59466394
39579189
89627550
69536141
19437252
79535589
49507286
89507294
39461364
99617782
99536031
39569741
59627491
69619160
69508893
19476837
89443283
39622569
49588433
09574918
39458738
09588147
99587544
59549889
99607599
39619411
09619399
19619407
29619398
09407057
59403472
59403815
19388039
69483265
99031408
69430922
99607603
29407056
89407058
29590578
09277211
79387584
59555696
09501314
69501311
39585802
39395034
19466744
39578774
69509010
79491236
39917830
89394975
39509040
19553864
30417399
90591710
19392569
29059448
29421712
39429699
59424342
59419086
39437289
69437216
59521215
49521070
89589082
89587931
89587771
59587664
59550528
69329844
69586942
59587862
59587225
89588855
30591708
90591692
19552195
99432180
09415953
09575913
19499570
39575921
39589433
89498930
89492424
89588006
79605860
29539368
69578701
89461470
39463344
19454251
99477588
49530296
99310046
79457162
09539185
39507376
79401735
09491348
69614921
49614917
59614945
69470140
79581430
19614947
69575217
99560281
29575851
49550703
09454954
39424041
39589744
49589668
19586845
49586938
50591707
49460241
39457121
19499141
99462153
39565984
69565925
39507244
29517026
49574488
09519173
89600353
89587484
89587417
69459034
29573753
59462188
49601482
59158003
59497512
59605106
59498045
69378740
99579073
59456762
49462990
89459127
89473538
59470032
39521382
29521047
49257536
89112867
49141904
89605572
80591697
49528533
19521383
79528579
19571288
49516752
39604508
79550297
39329831
29409395
59454782
89919817
19142434
89477640
99027114
39254289
79606483
89254994
49140631
89566373
79538719
79581425
69581416
69391968
09457740
29578680
59120289
79504291
19157487
19917826
99142802
69465148
09469804
19460501
29538712
99466698
69504362
79463846
89504525
09576446
99470049
09588312
69585301
89586955
49536175
59589111
19587642
69586843
19587675
19585134
99589656
29584624
59578952
79458755
69409459
39550727
59590398
99473482
19566084
99473378
79917828
79458543
79461461
69455272
09461474
39519058
09579119
29538745
79454917
79290775
39291183
59291158
39538561
79466519
29426494
49462363
49120082
99473458
19462468
09565400
69528424
79581425
99473590
19538246
29588919
89539308
59404301
99507203
89915895
19452474
89579097
79604988
09455067
19509324
79473609
19604689
39455344
09517013
39519204
59920247
09343329
19521632
89521389
99528583
29528510
49491884
59605069
19507438
69458713
29586816
09521114
29571283
09604133
89345070
39507461
99575857
69575934
19575917
49477779
29473517
89587177
39467262
49587438
79538205
79464704
09343329
99473509
49574148
69566350
69426755
69509411
69456969
09509452
99519183
09274627
89469051
49538400
69470140
09604133
29457292
49458912
79473553
79460273
89507406
79507379
49465187
09614943
39507461
99507415
39518898
49579141
29473517
09579218
79589577
89457411
99459645
99456251
59458214
49393058
99458033
49468001
69575905
69477919
09547982
99585026
59585212
39585312
09585115
19588217
99051458
49585241
09587671
79584693
69585141
69538772
70521563
10510954
19585308
99584630
89604799
59460844
59562164
99554303
39269993
69536141
09306708
49568294
69507167
79027983
69473412
29467762
59052129
79461178
89577041
09300377
19466838
99507199
79409492
29604561
19601488
09585238
99274411
79538173
49920200
89519621
79426731
99538313
99477649
19539137
89538993
59466394
09589905
09586959
79566415
99588299
29587420
59587763
89467453
09516914
89585135
29584695
99494818
10600657
99604529
79310518
79274469
09467904
89409509
59615803
09588859
39456598
09391787
39605145
89529106
09533433
59537768
69533473
09532985
99604888
39591351
59507196
59409515
19467791
59473436
79591354
89526099
59527929
09575220
79574241
59588705
79589520
49587198
49538872
49589418
39607700
09578252
49589833
89457425
79204810
79539224
79615779
19538208
09436267
59473530
69924787
69465704
89464124
99465062
89466062
19432184
79924777
09467579
39473531
79473572
89432185
99509476
19587784
59459138
49469784
29458258
89600640
89455493
09538256
29579062
69509331
19546722
69600599
59464998
19601681
49601934
49490691
89589303
69509350
39578854
79461847
79588931
39588867
79587050
89606048
39537953
59566223
19518917
29457292
19895339
09565495
79573821
49457272
79462804
19581433
49395509
69458869
69463352
69454263
29604641
59465484
89498218
89469715
09605123
29468790
49495226
99519022
09577144
79467062
99478168
99581429
69185435
89579040
69469721
49509394
19465527
09467292
69604743
49460929
19507283
79465483
39518916
29587533
29509385
89458608
19505340
09120079
99505280
09504275
49274395
99215841
59492393
99606255
19604420
39459648
89454931
99505275
79538050
79504286
49601689
79521403
39468780
69521489
99521534
69466553
99459344
69465964
99537912
79498803
99539218
89538016
59615600
19615602
70591730
40591699
09529087
99527772
99588685
99588138
99589680
69589163
59588003
89497681
29588995
29521486
29528464
69872934
89455469
59460189
49579141
49565375
29514080
39571287
39568317
29213464
39473606
69391987
29587514
09579143
99463529
99213465
19917925
29578736
29504302
89504479
59583717
19582852
19388039
69483265
79388395
59486071
99430845
09394979
89473500
89545328
49549917
69546531
09575164
59606714
89606656
59574732
89466707
69460235
59430140
29257250
99409472
89376561
69538965
59507422
39507296
39455056
19392022
69428325
69549916
39458564
49467657
19463203
29465942
09426490
70591711
39461670
79565500
39470189
39589536
99458636
49507286
89507294
39461364
09589123
29588306
39589715
59549889
99549892
89520158
69302566
89563911
79586791
39589800
79586828
59497852
99404059
99588223
89587785
89588290
49546513
09467659
69538183
49539409
89546525
39456857
29243022
09440801
19432056
09429691
79429225
69489173
29578637
59490558
89469838
99490575
09585865
39388444
09454416
69492689
19465061
99473547
60591778
89461309
29409512
79589025
79589412
89586776
19468333
39589131
89589925
60562530
80327136
69545329
49241791
69498813
19409254
89461248
89600819
09587548
19587312
49587706
39497508
59278213
39587537
29587509
79587559
59469359
99469055
69458992
99463464
99463987
79470031
89455209
49498258
29454444
59456998
09578252
79492368
19498778
39462306
39577270
99585106
89606430
39585294
19399189
59538225
29473414
89433496
89461917
49457427
19051495
39605051
89589242
39454740
99141794
69112806
49458870
79578673
29550129
39605391
39550765
09459193
09606212
89575235
39607700
39326093
79323592
79491726
59458285
49459935
39498777
79605068
49449833
79495244
69399894
89471474
90404153
69477622
99498901
79587267
69330296
09605161
99329847
49565498
69523520
79481652
09481698
69481681
79481690
09481684
59336326
79574255
19589660
99574283
99472005
09456321
49588433
99403470
79403471
99602078
59539197
39576591
80558476
79572421
09336395
49572521
99623556
29623456
79590806
79590137
39336191
69610065
99433231
99561327
99432967
49261072
50205631
09590490
29608984
89305074
49590775
99609193
09588147
79605431
39458738
69391930
39395034
19466744
39578774
59625821
99569465
39625817
39394992
59394986
79120071
39917830
89394975
69590473
50418897
39622098
69623708
89617419
79608401
49305165
99596746
39626572
09610129
99623716
99399878
69618325
89528239
09526036
99530265
19529124
89385532
59571489
59529966
89530435
59590765
69618330
29591158
59533384
39532998
49564446
29520095
79590260
39437500
09580009
19596934
49538424
09550823
89027162
29501054
59484454
39587537
29587509
29588919
79587559
99589048
99436989
99332048
79441053
59597026
19501912
49502095
59473460
59457144
79579093
29473555
79573755
09454987
09469700
39918523
29538811
59463183
99507444
89457091
89468042
89468754
89473492
59428769
39463754
99519507
09576489
09565805
29462825
19918519
29457452
09465207
09631179
09631184
79596587
09597000
79529102
19608102
69576189
09608287
99578238
49530296
29568898
19578416
59589936
29494845
39602632
39618275
59578363
09577752
29579986
79607519
19585662
49575223
29568902
79591127
39441093
89588884
59589229
69509524
29464099
79491608
89588822
29587887
19274349
59274413
79409473
59509299
69538036
29604212
99280394
49550307
99509155
39509158
09585281
09561567
89112834
59589856
49604560
79538465
49589885
99469574
19585290
89280455
69550580
49605871
69538734
59530446
89591155
39417696
99574589
69574623
89509113
09550663
59509119
79509161
89589100
19589957
89409458
19550709
69491538
49409506
19604528
79473421
99609169
89495899
59596588
99416284
59437844
60551414
59618217
30578764
20331061
09554864
59568316
29528510
69528546
59606422
80354686
60506209
69509430
59509435
49574488
59487688
49332357
49332376
99469475
19332373
59465634
79467571
59311463
09516914
09574490
79590571
29604066
99429535
09270455
89521389
29305883
59449700
19546722
89627526
69619184
59627491
69619160
89619178
79619169
49627566
19536285
99569743
99521534
19535993
39555334
99536031
09241335
09392414
79489610
09392193
39614753
59536877
99617782
39569741
69536221
09491273
19496487
20608926
19577563
39443191
89306686
19514783
09569224
29496585
79622548
09482886
59482898
89399893
89400561
39441738
39622531
79610908
09535998
59553466
59615129
59544113
09541744
19019226
59176610
19614589
99027393
29027419
69537678
39630951
09241340
19241245
79607722
89607651
59555333
79272682
49269983
99574754
89608448
19485139
89607694
49485133
59544071
49270284
39622569
49555319
99614811
99471483
89485287
69608133
29539617
29399042
09031813
89272667
09608329
99607759
49469487
59510900
49607484
89614779
09528177
89598637
89568287
09569747
29545251
39241225
69569221
19019085
39544425
39536053
29443337
69608595
89536828
79441802
49546495
29553482
09392490
99614849
99612039
89536833
49487684
79478193
99606707
19480820
19608456
99931611
49018739
69157456
69555766
59471475
39248608
39563329
29514754
99022668
79536838
29176579
39487806
19019844
19501969
89176604
59395844
79176077
79019228
69176167
49501944
19002438
89546498
69501938
19501974
79388475
89480322
19601978
49477492
59392204
09583611
30489089
49601986
59099136
29606697
69575156
29606598
29902933
19606650
89573415
89613100
39574455
79613105
69573402
59568482
19612571
39601982
49176074
99575206
99019840
79613544
49573224
19575521
09613123
49555338
59552754
29613117
29514768
49613135
89575202
79608585
39612570
99601984
19575187
79496677
39549036
29614536
79574439
59612574
99555294
19332009
59417153
29563829
29416758
79416770
59607681
29481659
89520158
69302566
89563911
29563674
89620742
99568362
89437300
39290126
99572279
09622641
99239451
99501927
39574728
59574459
49573323
19576196
69574859
69612578
89563652
79416336
39417168
49416776
09578577
09574942
69580006
19606872
09612581
79612403
59575185
69401222
29401120
99590773
89588822
99605449
89499010
29464099
89586856
99468032
69498035
09604232
19578807
99587346
79587130
19430849
69430922
19574951
19589938
39574945
59573600
29612575
79442694
39017486
39606668
99575490
09579968
59602508
79574948
89573241
29613909
89613906
59613936
79613921
59613903
79607675
29612580
79416893
69416884
79563855
49509718
99613114
89575198
79573406
09478097
69528184
09277211
79387584
59555696
09501314
69501311
39585802
49568487
69608595
59099136
59613111
69284647
69336383
09480868
49612579
09574918
59437844
79487852
60551414
69295349
79295377
89495899
99416284
29575460
09597726
59598101
69615529
89615528
49615530
49612230
29539617
79019841
19488246
30578764
99436852
99555722
39500978
49585873
39586689
09585851
99332048
49249532
19501912
49502095
39437500
19576196
09578577
99501927
49270321
79578263
09471538
49622658
39270289
29449626
89305620
09443362
19471279
99623580
99579247
99579271
89563077
39563555
99579233
09563707
59578424
59563719
59581723
19563603
49581653
89572576
69563813
29579298
09563024
29563711
79623581
99561563
99561558
39501435
49581771
39581776
89581646
89581632
49581747
89581707
09624937
09329352
39286092
09336183
99500635
89429710
29418719
89386616
39563744
19431325
99431897
19502092
69280512
39602043
89336377
29614584
89610936
49614842
19577172
19581433
59437090
49332003
29614904
89590599
59572568
09404582
59575784
39469478
59399347
49548994
09465641
69528037
49513956
29530235
29528299
89591216
09533386
89480317
19578416
79591127
29578227
09577752
29494845
59610297
79529102
99578238
59578363
59579305
89588884
69509524
79491608
39588612
19274349
59274413
29604212
59509299
69538036
99280394
49550307
99509155
39509158
09585281
89112834
59589856
49604560
79538465
49589885
99469574
19585290
89280455
69550580
49605871
69538734
99574589
69574623
89409458
19550709
69491538
49409506
19604528
79473421
59473460
59457144
79579093
29473555
79573755
39918523
29538811
99507444
89457091
89468042
89468754
89473492
29462825
19918519
29457452
09465207
39463754
99519507
09576489
49454626
09565805
49495820
09509013
49440597
09537030
09513996
79528414
79437089
29440824
59430871
99432057
59489178
99421803
29278304
29442663
49442643
89442617
69602032
69490317
99494272
29552915
89398742
69521074
39068329
29291112
49490337
89441081
69429339
29441079
59439862
79568834
79189150
39286394
89508104
19580985
49204411
69406719
89204414
29476766
19612142
49602132
09579968
59602508
69552942
99602083
99336353
59442628
79552951
89442641
19490273
09581909
09195625
59624949
19508145
09494549
09535795
09551238
79285830
69286340
59329397
89585395
69462710
39462368
19459507
49456244
69274200
29460256
59497828
89606289
99538308
59403844
99572571
99619413
19578223
29607593
19544624
59494844
59270863
19549834
89575235
69435260
09623462
99501437
79429720
09241340
89536833
29176579
89546498
79496677
39549036
39555334
19496500
79176077
99521497
29496585
09536832
99022673
89386107
20608926
99614849
89598637
79563775
99563741
09579280
49563734
39218512
09610153
99602605
29553646
09581754
69602490
49590723
49575355
19127297
49572535
39246464
89563567
09563547
29500691
79478094
89496851
69548926
49500628
49904634
79480308
89904180
89561587
79563681
69623671
99563802
39563720
19623720
59623600
59544071
59537117
30489089
40489135
69577546
89547879
39515060
49018739
69157456
99389209
89514765
39483337
19590140
49555338
69549308
29566743
39549017
99562911
99614892
09536907
39596645
69256833
29589768
49215933
89507166
69462908
09329856
39552712
99590773
39589942
79458289
69578230
19600337
49574285
39509403
09586756
29604617
69252769
59391935
99579308
19610303
19480274
39431150
89561554
59562951
99431312
09581711
09563731
69429886
69562229
39579288
49562857
39581936
39578496
80535121
19568342
79578908
39274621
99566221
89576193
79569744
39574752
59615129
29627355
39627331
69432704
59627349
40592222
19330289
49459153
60562549
79581430
69581421
59469788
79504210
49504297
19505335
99492174
39587957
19458065
59589601
59468487
39565333
49589908
49538419
39142598
19477785
49466686
89141898
69409303
29473536
09505246
09507368
49504443
69507327
09504223
69456667
79468877
59605074
19469790
69539390
49492096
49404325
39504231
79521337
39514094
20535082
89514039
69514040
49521598
39571292
69514016
99521591
29521542
69571295
69527820
69528495
89528625
39521396
39528492
99521398
09521623
59521593
80531769
89521563
19521613
59568316
89514100
19571293
49514102
79521592
99291646
39603735
59521395
59548088
59513965
69521535
39528562
09528530
59533039
49503245
99513930
39509040
79491236
19553864
79509019
09552134
59553876
59569740
39619166
79535589
69305697
39305892
99305691
09449689
69449667
79449657
99534428
29240797
59240828
79489634
19495826
69509010
79489592
49553867
39399334
29607526
29608210
99608339
09607773
19510412
99471416
79485103
29485186
29471405
29490102
19485115
39574295
29471387
99471402
39485275
79471403
49608191
39485096
19270247
29491248
09552105
49244657
49197811
29429119
09286588
29607767
99552101
29622503
19514698
09535597
19395836
49607648
29608347
29608408
19551600
89627550
59528599
49528496
99528601
79590571
89521600
79469481
79545282
69508893
89443283
29487798
39536152
99579209
09607706
09471500
29401422
39579189
29502119
69580006
99387738
89518834
99386098
29602915
99421426
69620540
59419072
99597784
79612403
19534880
69514728
89514727
19575494
09508103
69301114
19442710
59278265
19197596
59440224
49421424
09555830
19612359
49612254
69421423
59302675
89440454
99017186
19552911
09442678
69393038
19597820
19483588
19175976
19589938
49612193
49612268
29612189
09552172
09440679
79429584
89521695
69607671
99417655
79416968
69521700
29627973
19481693
19481650
19607678
79526033
09526036
59529122
99429559
49563668
39568831
89509721
59529966
69591340
19533395
39513952
39554947
79571855
09571854
29607668
49417653
69431974
69521658
99607660
09527903
49280990
89528140
79528942
99563835
29417263
59502368
19502365
59502373
99561308
29560581
89872933
39552199
99895364
49548545
09439770
39872935
09895429
69896058
09895491
29895428
19560299
29396251
39895461
39478185
89552917
39536265
69480460
29533309
39478717
39630951
49607484
29614536
39241225
69569221
59555333
79610908
59544113
49555319
99614811
69608133
19514783
09569224
19614589
69537678
59536877
39544425
59176610
99027393
19496487
79608585
99555294
79613544
59552754
29514768
29514754
39441738
59436986
70257308
39010989
99249501
69277816
99437093
59437028
09437083
99249474
79332087
89554959
39332013
99554973
99931625
89002430
69544424
19483404
29432273
99435980
79630355
09433198
59630380
79429796
29396171
89395574
59515403
79572553
89563685
29514650
79568829
59483534
09508848
39607564
39443049
09440599
19534818
19399189
59409134
19485295
59278213
69571766
89536828
79441802
49546495
19019844
89176604
79019228
69176167
79536838
19002438
49176074
99019840
09241335
09392193
39614753
19019085
39248608
29027419
29902933
59568482
09541744
19241245
89295169
19577563
99022668
19608456
99931611
19019226
89608448
89614779
59392204
89019223
69068224
19019839
29241240
99608278
49157457
99241345
39607597
59607520
79429697
79421700
89057903
09208185
39591153
49483370
89483325
39563131
39578123
39555819
29555834
79208182
99412525
19597764
69284987
69484081
49483539
59521215
49581832
59483529
49483544
99483532
59581902
39581861
09581834
49581813
49581865
19483606
89017832
39047737
59217724
89483368
49280754
49572205
69217714
29287346
39287421
89287433
29287445
39483605
79280724
49459412
39603368
79534783
49521070
19440565
69590642
59017838
19602505
79442694
89017827
99395936
19578464
09481655
79483665
99602506
69588385
29481678
89278259
19278253
09590659
29562491
69581831
29483328
99483320
89442721
89483537
89442655
69190861
89221055
19483593
09483367
89483373
29483540
59483398
19483395
59239491
89597464
59278307
39017486
89549369
29581913
19581895
79483547
39483530
29421712
89484080
39552910
19586751
79578786
69407059
69407064
49514098
39568275
69528462
69530441
59241253
40450618
89241256
39544779
79241351
29931600
89022678
49027423
49019084
89241280
59931613
59477359
99904189
99549076
59551269
39566714
59549912
09612227
69612088
59300860
49276629
79590868
29623734
79561578
89623670
79175073
79525854
39529118
69591378
49563625
79436829
49434389
79510937
09585380
89521520
59584934
19509705
49509978
69563691
59563615
29488571
19521439
09607669
39620928
49481658
39521645
19491159
89509716
99481651
89481680
39481692
09417018
79585372
99416340
79563836
59563658
89528239
79537753
29059448
39429699
59424342
59419086
30417399
90591710
79241290
59539611
59132310
09610940
39590380
19497986
89576579
29330302
49498687
79550481
69274399
29550841
79588304
49588683
89589826
69587908
79588653
69589021
59577434
39538014
09498873
39499098
99433735
59433370
19605900
29492097
89587422
19539062
59588102
59550062
09604114
39491993
59455022
29538528
49457470
09458631
39600176
49391827
59462471
99473571
89459108
89364737
09473537
89538771
49630984
49614818
59614592
09521562
19568318
89614840
40621875
29432174
29895372
99615801
99895340
19872936
99623486
49420293
89331351
69218515
69572488
69481902
59623558
09623457
69895313
69528546
19564476
79305102
69614921
49614917
59614945
19614947
49491884
59605069
19507438
69458713
29586816
89455469
59460189
49565375
99473590
89461470
39463344
99310046
79457162
69538965
59507422
59566223
09614943
59460844
59507196
49519920
19467791
59409515
59473436
99473458
19462468
09440801
19432056
09429691
79429225
69489173
19612081
59490558
89469838
99490575
89409203
19518917
09565495
79462804
49477779
89587177
39467262
19454251
99477588
09539185
39507376
89516712
79547931
19573796
69603748
19467946
39603702
99280469
69586739
89497921
39586750
69498417
29587528
69589460
19498113
69335623
49433771
09463091
89601036
79492410
89550070
59585033
69473389
89473393
69538338
89306484
79255022
19507202
29426658
79477706
99538563
39329850
89538399
69550274
89566085
79426670
89588898
89587554
39602774
59602589
59432182
89432166
99221371
99218509
19432179
09602775
00484880
29261068
69279472
09622863
69071523
49590577
69412522
59547885
99412714
69598073
39424343
69440233
39419006
69597460
39440244
79209997
59612239
39612235
69227671
59071514
79612224
29279474
19436243
19332194
49571705
09553044
40299890
40538616
40299885
89514464
89895265
59406710
39556135
29551204
19602567
79549096
19549363
19562665
99047409
29068443
69419439
09476833
29589669
59574280
79473567
89460164
29606386
59507907
79435863
79612139
79330663
19603581
29435870
29406924
69612106
89611484
89419438
39420000
59439824
39439863
29432032
89429692
49440861
49392469
39491281
59399106
79270372
39554301
99440590
49407258
69606577
59417742
59566727
19419074
39623757
29623729
39304128
39563522
69429730
49623573
89623788
29572584
69578428
09572556
59563564
49562923
39429680
89439827
49440842
99605901
69605667
69499087
99605920
19565452
99604893
99604440
69498950
59460052
29566069
09274482
69549860
39549908
59549064
19549928
59566732
09548967
69336284
19478025
59286091
99609131
39581719
99623410
79420461
09581607
99630378
19553034
69429706
59047388
59432059
79440826
49439848
39602929
29398684
09429224
89425910
79429273
79440794
59429274
39612080
59243025
79436240
29281716
19589660
99574283
99472005
69565360
59565332
89586795
29509451
59588526
29588504
59578829
09588454
79565388
19574569
59539197
39576591
50205631
99528620
99571289
19528520
80354686
60506209
99527828
39528604
19521397
49516714
69521601
09574490
89528531
69528457
49514036
99528597
59509671
89492136
89460239
39473512
79507317
49466281
09500649
49025589
39501020
99429743
69501033
99515401
89572425
59500661
69480304
09561548
29581611
09500965
39561306
39591365
99526046
99530265
49526020
19529124
19472009
49509488
39578651
99497505
69600815
89588110
19578826
49604485
79282186
09440453
29514438
39449616
69449568
19449603
79527773
79568495
39002437
69591241
49591124
39591247
79615595
49533898
39587698
59607515
29615526
19406726
99398685
69476825
59411009
69612093
19411030
89612087
39602439
19604726
89605973
99605388
19589575
89587573
49215805
89539290
29565828
69537876
79574199
89574274
69588205
89538573
89387135
29611199
99496624
29461883
49565337
19504289
09505350
69458732
29509088
99401433
69608171
09613552
39573267
19573268
19626568
49530041
59528226
49527784
09590230
19420459
99500701
99324944
89579243
89613850
59431168
79623557
29572517
69489936
89630369
89429791
69630365
49336181
69563021
19563085
09303502
29395572
19548981
89431930
89579262
69623483
89579257
79431332
89606915
59488678
69336156
09573810
39905498
69336397
19430811
99548915
99551168
89549010
09429728
39025599
49246468
19490659
39586854
99604727
99604572
79605822
19606004
09611398
19528493
89252773
19177579
99628035
89469800
49577302
09576465
79587984
59409214
59577429
49576920
09587096
49462344
99509320
39606338
49498442
69466727
59589682
39587212
59604833
59579150
09509386
49576562
89576777
59404886
79491830
49587891
39470009
39579151
69498059
49473559
49509412
69456648
49605423
09491881
49589753
59509322
09460318
39391984
09459225
39467771
49399183
09568842
79602437
69399177
19419615
09521072
99568748
89398737
19440725
39490804
39435860
39419940
29515065
19488086
99552912
59442666
39603580
49597381
59477279
59571762
89437748
59597366
29597358
79221188
99435881
29597377
89184331
79398672
59440610
69597361
19492776
89580982
59580988
59022547
69536834
39009561
89032719
49620334
19575432
09573278
19546538
39920205
89588389
59507177
09585304
99585286
89473406
69550938
59915929
69605403
59565681
89492037
19578874
39456112
69519330
19497415
39462127
09409198
99505317
59550203
99514859
79514964
69545287
69401298
89399510
19477158
99477183
09530458
89610130
39614946
09513091
29329898
49576915
89566349
39587896
79255055
59586872
69585278
19584691
39460680
29457188
19550342
49473413
49142418
29051678
49499050
89477560
29519501
39456975
89538182
99584692
99460371
29604778
29576916
59605012
99587841
19509263
49257372
19578671
49509167
79492354
79459199
39492389
79509444
59507158
99457830
89586922
89577055
89578903
59215918
89463134
49538626
79497530
59586768
69585221
79469037
39509200
89538436
09473368
99585234
29478732
19525625
09480854
69515110
99587252
99576753
99578926
39587207
59026475
99579092
49577019
29509272
49604621
79497974
89588431
79566118
59215895
99588421
39462735
69587753
89588209
09574541
79463422
69498686
49472022
99369635
99601998
69613870
39430872
59612079
69569344
99046909
29440843
89425156
09439826
99429700
79425005
19604255
69506078
19581862
89581849
49490323
69071504
09488770
49417865
19406731
89421790
99612082
19437087
39437091
59554951
19604887
39467808
99457651
39468520
09473518
99509443
99601724
19509418
39507404
49539273
89459721
79454502
59409332
39578849
09465716
49345779
99462493
49606154
09509975
59509355
99394994
09587303
69257578
79576589
29578661
49462787
99509377
29581418
79581128
29457372
79454272
19338129
59581285
30205632
49519053
29142438
49465026
09606269
19538963
79578809
39565489
99491834
69566227
19027207
09304040
49257230
49256805
59587070
59588970
89538894
49449772
70212560
79587192
59574223
59461532
39473550
99600338
79519674
99404101
89925540
59453202
19925534
59578985
59465865
59576463
19579091
79605110
49606309
89589402
39455240
29458705
09604557
39467361
99274331
29492530
39463155
19463383
59579107
19269705
29587905
39600379
29274259
59587254
19588298
49578976
09330223
39586806
69330220
59404141
89566434
09587708
99578686
99504351
19498735
69586904
19498047
19468248
89492320
20417149
59497507
39586793
79586946
69463738
79588276
79588262
49578882
29498301
99459221
69587121
79589365
69274479
69538418
49589437
69460080
99589091
89579139
89588860
99587884
69257583
89587525
99589736
59498540
59576750
49498550
79589011
99589133
09463133
19463199
99587582
69587970
99589213
69404065
59574609
89601710
09509536
59588606
79335651
49588471
99604157
99589576
69509185
79574533
89604520
59509143
29509470
39550237
19498467
49589362
29587415
39600157
69589851
59587782
79588648
29587118
29588981
99586766
59588611
29586736
79497969
89588148
49329835
69257540
29589184
99587087
99588204
99587351
69588535
59588121
59587107
79456488
09257538
79588224
69454244
39585307
59586834
39588990
39257240
69538809
39589107
99519178
79498978
89460456
59467807
29456749
99473477
69409204
00558499
49274319
09604755
49606267
29491979
49589055
49404311
59579051
29274315
99509099
49606093
39578873
09605444
19576587
99458090
89518928
29491880
09586964
19578987
29465027
89404521
49470080
49404453
99586851
99468094
89588247
29586755
29576921
49519755
09588543
59589229
29587887
59588932
49274178
69257187
29588655
89586875
89491716
79565538
99491829
59467614
79566439
29458748
99586865
79504535
99497992
79509383
09588326
09404515
09505265
19605556
99565778
69605766
99605576
99605350
99611902
79426707
99589086
60404159
19461497
99589741
39600336
89492532
19588646
39509441
39492520
69492415
39497377
09588265
59604786
99464388
89504295
39505339
79604498
99589883
99507463
69509500
39578905
79565326
49491978
99463204
69464592
19539378
59578725
59586773
49566266
69462994
79538149
49455126
29606372
49573747
09426758
79473529
49606088
39461038
79473586
69462866
99353352
09586803
79468368
39461905
79467321
59426553
79587738
89111373
60212400
39576789
99404436
49497602
49404132
99600606
89601932
89539247
89587648
29509314
79497592
49537924
69459246
09509372
99588906
99588317
49587155
99460663
89588520
29462566
79461687
69467897
29473560
99473566
09492569
69507407
19473565
99573783
89409477
99469593
69463470
79469928
49473564
29452968
39600812
99537945
09588331
69473582
69454215
49467105
89026327
59920228
39409470
69550269
39605701
79460683
79456025
09606071
59577066
19507240
49550128
99253951
99215836
09254295
39112110
19550380
29458512
39507178
09027062
49497942
19538821
89456633
39112836
59254293
39254048
69255046
19519182
29565814
59605088
49473371
39473423
49461877
49507229
19466334
79454192
19473382
09585224
59473375
59112784
79463403
79460254
69455187
59112835
29473391
79467203
69467821
29539028
09456905
39215962
29301347
89466892
19204257
49577057
89601296
09509206
09509131
99404083
09587586
89587747
39509257
89491919
39587165
29578798
99391820
29586840
39519727
89391967
49497372
39565516
89456992
39588914
59565412
79605431
19467324
09468748
89492400
09467367
79393052
19519907
39605782
19460775
99605557
29509347
99492409
29539127
79588771
19589721
19491574
49492001
39461057
39391998
59254311
49473494
59605677
09577304
99215756
09464707
99498920
09577318
69606346
49459431
89455214
29473490
59507281
19459630
59466681
29455976
09299939
79454682
69467699
29464867
49473502
59458412
69142238
39574281
79454371
09574287
59519482
39459281
29605867
39473569
99467221
49459054
09587341
39573757
99456901
09586836
99578907
89586762
29456947
29507452
19588905
79386787
89330238
49605994
89449888
69586876
19576945
69588795
19433466
49504396
29463815
29587076
09470138
09468036
59576585
40568477
29565376
59550712
69604489
99466368
59588989
89589685
39498579
59605093
39573880
09472038
49605734
59471965
59472007
59574256
89538238
59473587
39587981
79509482
89588775
99574235
79601471
29578741
69507426
89574603
09330256
59605149
59274371
49330283
59574497
29600619
99504407
49497876
09466424
29589532
19587915
19565386
49577420
89490590
69587847
29454552
89112787
09565513
79550810
59409474
69550250
09462794
79459689
99492555
79020222
49433441
49335638
19464882
29454378
79457416
89426486
89519876
40421051
89274483
99468447
09604152
19519177
19466287
19391800
79578668
09473472
39509361
89509330
79579007
79509095
49600595
39458757
79509458
29466729
69601909
39601265
39509479
69601278
89470083
59587758
50205532
20356056
79391821
09454355
59565657
39465526
29509390
09577403
99391783
89504549
39391880
89456416
79465671
79456148
19509362
39391781
69274177
89576452
09492418
59491925
00450564
69588804
49405018
79538272
99509221
59539258
29588288
29565319
89459486
69576797
99466194
99460757
29405024
59601274
59504348
49507328
09504237
89505332
99588464
49576722
19538374
59464385
79601287
59539362
99589374
09578756
30461491
29539090
99112678
89538950
19142504
39576930
79588926
29305473
49433766
39310346
09335640
89911717
59461075
29141740
29578897
69578678
79576928
79254046
09464528
29468714
29254044
29112808
09274401
59335609
59141734
89579035
79335608
99330247
79473398
49565342
69280423
99550140
19587760
59457587
49550977
39538165
39509323
49604206
29605495
59498700
39409248
29473503
79498902
39538957
79426463
79519377
89460022
49566469
99578766
69464573
79391977
69576877
09257581
49468789
99566462
79492561
69468788
29404519
19472014
49604225
99605722
89604209
49605263
99604831
99589897
49460439
79539078
49509431
99601451
29577322
99519338
89574132
09588232
59499002
49386784
29364698
19589561
39574163
19461770
29455330
09498712
09589632
39498428
19588854
99473533
39254034
19601493
59468072
09576639
99565636
69589101
29404086
09600601
69539347
49497414
69459227
39473526
39579066
49462396
59537886
09473405
79469546
99507364
69507450
89464713
49466926
69473539
29601906
79426552
29469054
59458129
49426558
89426556
59460599
19468413
89538785
09467522
99456883
69538239
29457598
19492267
29464971
99467061
39589046
09473556
49601024
49601458
19589033
69409464
09550465
79215842
09256807
29576718
89539129
99310287
79519481
29455995
39589584
19391881
79498643
29573885
59335633
89492061
49576581
29586741
39605678
49509327
29913366
09049969
39913380
39049915
49112789
89924041
89028053
99253913
09112102
19604199
69254283
69142506
99215935
49460415
69433807
99911707
29454774
99538228
79919771
39142428
69426595
19255020
39461175
79253947
59051714
39409465
69459680
69585283
89585036
89585121
29601930
69585042
49538018
09589335
29588033
89538262
99509122
69509152
59587602
79605761
99550084
79509571
19477554
69473544
89585055
89457034
29585124
39584633
39585034
09584700
39585152
79585292
09470119
69588446
39566375
49455678
79455813
89460574
19468875
09458810
59473554
29586779
99461511
79364747
89468933
19589028
79394985
99578733
59519340
79421516
99612355
99597821
99420479
89406718
49195591
69419076
19411025
19057794
89603573
89412465
89432048
69047401
29426205
69597827
39586774
79585230
79585051
29585143
19605132
19587717
19335611
49588796
29589495
49588640
69550976
49584637
99459730
39404062
19519728
79507355
39463424
49601279
89509448
59565389
19467258
99576951
29530122
89449826
29393059
69565826
49578679
99465444
59565978
69456417
39404613
59538287
59469571
89490651
39588216
39393054
29600582
49589178
79586772
19504454
19504208
99589369
39539283
89463544
49604942
09370025
89589459
29470161
19586794
29589419
39588532
99454855
89605119
99589312
29587991
89404719
99600343
69391831
69467741
59466898
29509248
59409493
69256847
59301505
79587328
39604834
79604163
19215840
39537873
19027212
39576628
69467878
49497881
59519203
79492453
69497578
29280397
89473411
99461200
39459733
59600340
99409504
89601705
79463974
29473584
99477625
39538863
99588379
79492250
09605415
29477643
89605732
29550704
49469958
09051759
79605153
69606068
19465179
69565628
29392031
89409199
69505347
49578778
49120138
29473602
79505281
89391948
29504236
49504546
99605699
79491552
89457741
99601234
99566382
09587421
69601023
79566062
09142726
39538306
99519767
09492606
79507464
79463182
89578776
99578827
99461912
19578812
29925562
29509328
09393022
09565650
39120129
19310502
79605737
39566200
19409206
29412675
29300871
09421440
99597802
89421851
39440258
49209989
39504330
09604312
89274478
39492474
59605861
19566277
39469572
89465005
29505250
50475270
49589847
39588122
99587092
89589157
29499027
19498556
69404150
09498689
69587668
19589085
59588809
49539126
19604948
69296179
79394990
19469101
39539184
99539402
89469447
69426722
09459466
39253911
69455516
99426495
69467326
89473430
29469370
49051719
39456602
39538938
99578865
29507414
99539138
69463248
29459248
19565555
09588246
09587143
49589343
49589767
99457180
79587540
89473604
19467164
29462887
99587054
09588703
39492030
39604754
69576617
39577294
09504256
39504392
29576445
49504424
49465272
19468314
09504360
09601455
99571717
49611476
59580993
79580987
89612167
69612111
09597359
79398747
89611455
99597374
99612176
29286752
39406725
89476768
09432373
29552524
69434699
59630356
09561317
89562247
79562243
59561367
19561425
19433193
59608888
89561356
09433221
79561314
89563591
69538017
79460536
69473370
49426704
69507214
39539155
09507165
59464700
69141738
69454673
09507207
99469692
49509209
59538131
19600634
19538289
89457722
39141730
39576770
89215832
19433329
49601463
19600629
99576890
99409491
39028041
59466704
59913360
49507173
89915923
09473429
99507175
29473367
39141792
99426527
19477549
59468128
69280630
19112111
99518923
19604378
19587736
69601037
79142266
29586883
39539117
39305509
39507215
19215958
49605381
69491835
09473392
09426635
99141968
79538861
89426575
89538648
59459732
39538491
59574628
49509290
99468070
99600833
89589831
49491983
69404447
39604773
09538911
39600807
49538443
19538675
49509266
29586821
69574637
29577464
79604200
29404171
69464771
69606011
69537881
49309936
69492321
69589907
19257222
49519067
79578852
79588257
99497713
79457874
39051418
29507225
69497601
19587067
29142508
09468239
59465342
29519054
89454356
19577426
29497716
39578712
29566408
19605764
89458199
29461859
69052124
69578720
69456422
59588418
39589193
69538098
19461949
09539114
39462151
09497920
59588055
09142590
59538503
19409466
09606306
29574663
99256799
39605471
19578647
89310221
49454706
19457179
09509287
79409487
59576482
89604153
59492454
39456683
79507218
49454495
99473514
89507265
79498389
39578972
69473488
20568478
99581599
69494198
19425150
39197816
99521204
29561571
59484468
59589960
49596715
69596658
49596999
19215755
29519474
19604161
39604688
29461307
29458164
79601032
09454968
99456722
79426496
59215758
79565487
69409483
89463351
99460776
29585204
19280524
89468645
09459584
99473415
49409511
79469377
09578855
39565804
49550920
99464755
99578728
19550610
19458980
19469182
89550999
99565467
09605991
49565417
59605111
39577053
19409503
19473443
09409481
29255048
89507185
69601297
79142600
79477546
79604417
29112832
09551002
69519405
59606021
89409482
49253915
19052211
79304046
19473424
99464703
89142416
99507236
29539207
39507183
39519633
59464516
89465741
79407054
29467875
99579068
59455531
09394984
79609151
39552496
39500285
19567489
09477917
29514103
59112114
89409463
39491846
69507148
59454838
59550830
29519214
79589266
79566401
69601947
99585205
39326026
09562722
89477800
49577439
09491664
39461496
59335614
89538441
69574581
89538318
79528621
89562167
09575908
69562173
79562177
69557690
29575931
39575855
09422736
29601303
69573831
09457863
39461991
19473589
59581412
49362212
69538753
39456169
89566269
19462500
29467658
49458813
49562193
79562196
39269988
99526070
79528145
19494817
69385670
69128567
29895353
79542641
99575471
59575166
29580584
99389803
29320652
89325374
29391989
89566132
69588922
19588335
99468353
99539379
69538022
79507223
49466851
09141736
19457216
59310307
59601288
69550028
59454904
79467769
89462808
59473592
69458478
59579032
69498238
89463836
59604531
59584608
79585211
79585008
09600371
99606420
39604315
29578859
19585228
99467259
79576947
39565917
49588956
99141732
39538226
09491678
69492571
69577202
59460226
79491910
09498222
59550298
09605302
09578884
99565698
69577018
09509230
39331693
59326087
89520101
49481682
29481701
99481670
89481661
39336332
69396174
49429750
99417373
89590325
59562201
59478108
89590797
39561325
49623568
29562245
99575348
39630357
99562609
49336176
99904392
39551703
19561331
69568924
29610147
59571502
59568689
39386647
79596747
49618331
19533461
39533064
39533422
59417252
19441089
69590251
69484444
29608168
39596749
59417704
49417257
69548950
49548932
49551222
09548991
19575818
19452073
99401292
69401335
79608236
89608212
09627498
59536146
99575447
99613915
79484207
39429227
19429134
39575445
49573318
19606711
39613126
59573389
29575455
89613138
89574453
39573272
19249487
79627980
79416874
79606666
39586825
39587146
49588268
69578857
79589327
99586950
89588997
99566457
59588423
19498882
39600845
79587955
89504224
39579090
59587268
39492191
89588676
89589505
99588831
19458230
19377535
89491759
79484599
99573467
59607662
99417207
69416346
29575158
79575453
19513953
39555701
79536876
69610923
19241207
29241320
99574947
19487647
79495932
49569335
29195653
39575501
30601547
19591130
59124758
39248585
39555664
19554892
29429237
99579978
29563607
79579253
29578492
59581643
49561532
29563570
59480309
89562997
99581603
39500657
49596697
59596772
79501037
29563594
99623778
99581660
89597930
09419946
69590816
09437525
19562707
89623566
39562202
09579237
69515365
09607283
89607095
99563543
59500680
49581728
49590879
59581780
19555684
79581944
49623484
99624933
89478258
09562637
49624978
89420446
19562217
29562641
09562675
69562234
39562216
59500703
49562555
89624938
39500643
59562588
89562884
79624948
29562764
49562876
09623481
39579108
39614809
79610927
29614715
89538144
39538839
99564477
89384014
99526094
89526136
89528055
99530270
39528128
39591252
79585664
59615515
59433681
49550618
29492573
49468925
39509281
59604381
89578781
79492226
19509512
19566258
59467930
69576486
09509254
79459731
69585117
69578918
29457517
79509137
99578889
09601945
59579027
79604158
89619135
79274351
69457921
49578896
09565768
89257228
19604142
39492501
79426613
39585232
79473402
39473404
29142264
79454837
69498827
09459211
49519717
39457324
79550235
59550321
09469371
99452724
49462589
79509302
89463167
49507413
89464119
59404872
39460699
49507451
09470044
09456948
99465651
99468782
79538984
39473574
59461037
19566442
09917921
89466222
19458956
29539392
69409256
89469664
69455700
19538798
59257376
39215759
09565834
09466669
19587307
99577333
09466419
09393041
29509031
39514065
09521350
49398975
09249529
39432055
99429663
79439861
99047391
89521073
29492747
59441087
89429668
29440796
09329390
79440223
49411024
69597380
59419939
59602117
49579971
89552955
09552940
69552956
09442640
99581896
79581859
39598102
29597810
19598042
39432970
99336273
49304340
09478083
29386619
69508138
89622864
29300847
89535796
89508142
99535772
39285827
99417622
09550984
69466925
59578891
89460319
39460265
89310278
49505268
89509170
19615517
29623475
79623473
89562836
99027388
39392224
89521450
29418192
19600021
29600025
99602511
99217996
19600035
29331349
69623567
99500697
99501654
89563529
89623585
49602429
19563764
99563675
79563761
49494335
59623756
59002436
09537676
19539608
09607476
59551165
89551263
09562798
29562943
59562791
19562745
69562903
00608121
39589367
39426728
09605397
89587337
59142502
49507446
19329907
69596998
89589954
69463818
39579071
59587659
49468690
69574265
89605143
39429821
79563049
59563818
89562916
29606937
69624939
29607060
19581471
19607329
59562908
09602662
89563812
19579982
29111371
39458998
49464531
79565637
69601457
79469117
29581282
59581431
89492297
59539220
59539140
59504466
89504281
49467902
79504465
49587202
49588372
29606089
79538564
19507443
09587440
89579064
69491798
69404174
59565836
39601722
99519499
49457700
89433694
99454469
29504335
29507305
69504545
39538189
79461423
79491627
89433712
19426625
19509673
39528468
89571280
89527819
89528456
59528603
69521371
69521615
59533058
79449662
29305816
79485259
39319686
89608349
89485107
19554302
89607774
09286606
19607640
39429232
99528446
69510612
09511129
19501907
69597813
29622838
39612221
69555832
99418891
49426153
29602821
49089816
69622879
29421849
89195631
29419064
29442620
19574178
49605475
69002431
19612364
19612217
99440613
09525838
99571604
59432040
79521648
19432023
49563852
49528142
19432004
29521556
59416865
99527748
69513955
89609018
09331430
59420264
19562948
69562781
19575903
69552490
19895419
39895418
69331427
89420291
29895490
19533197
79560159
99608136
49436982
69249480
89544423
39019225
19176278
99561365
19551756
39608667
39499319
39523239
09551728
29489938
89568193
79607114
59630115
69515148
99630364
49562249
89336160
19395676
49429745
69581888
29483390
49471447
49443044
09506095
49504607
59504579
89544461
79241285
69543113
49614521
29018735
89241242
39392200
59501731
89608170
19585662
19429704
89421653
19421699
39059457
49047379
69581906
29581847
89581905
19440462
89508137
99612256
29508135
39483318
69581812
49483365
79473510
79500274
59412546
69581911
19483550
79549925
19622872
79588851
19497552
29589297
79407068
29532989
19544718
79566707
09562939
89476805
89412677
39301771
89549897
19176589
69544136
39525851
09432014
39563635
09584026
99436588
69421687
79057526
49412537
19047385
39384950
29492224
39577048
89588600
19498716
39605621
69539069
29504420
89578696
69578715
29504463
89498831
39604947
89566405
69578758
79467934
29468040
59462881
69465209
29588815
49576779
29538439
09604802
19579114
69619136
99586912
49579042
09588114
39589065
29587081
59587292
79519725
29309956
09509188
29585218
49587037
69588984
49577203
69565789
29578840
79466114
09565914
09455915
59577165
19509102
29433461
29606268
89468674
09391933
19462473
39356018
19604991
59463729
69456016
79610946
59623501
99330558
89623482
09607056
09562883
79607270
69590717
39626256
99623561
29469474
99473528
79462615
79215757
89507388
59498757
39469666
49538985
09589547
19589288
49465234
69507313
69605441
79459161
49578820
29911683
89565769
09458565
69574185
19338049
69507389
39215815
39215957
39509101
39467785
39466366
69605097
39458106
49539386
79409468
59460679
99473496
89489172
99489181
09439845
29429666
69431865
49429689
79047429
79469103
79455568
89492235
49574129
39491808
49498461
99578832
49457880
39587556
19491550
49467493
19460431
19585233
19459668
49588027
19465513
99464048
29550916
89588902
49577477
29491663
89589237
19587741
09604208
89587318
59911709
69215913
39538655
49461330
49538693
19578727
69588842
99336193
59590727
39623502
09195588
89602818
99612242
19421425
29597650
09425928
49597772
79602809
99421520
69421692
89436254
49549366
39435855
59514408
59612060
99562647
29412468
99432038
89588011
79578729
19354237
09603572
89330709
19612118
39488778
39419445
49440724
39603575
29580230
19556075
19420497
59047449
99441085
09440797
69521620
99602422
69562210
89549901
49596782
99429248
89429673
79456662
99274345
19462656
99605133
79605704
99404342
99492046
09492475
39604513
99280577
89538530
19587864
59565365
39462896
79472011
39589348
39504542
39623743
69286095
59324941
59623412
29606904
59581619
59630375
99439822
49425912
59046906
89440798
89209826
69440799
99430869
29439854
59429226
59278232
79429664
49431866
49429665
99508113
89535777
49440795
99554888
89605440
89588695
69601688
29587142
59587961
39589758
99215959
59587555
49589041
49589786
49460081
69459468
89454747
49357569
29605382
59579070
99589835
49565361
59519892
79509316
09528441
09514062
79578442
29473541
89507374
99573877
59463381
09539010
79586965
29530344
09538628
69519962
89587262
29498805
59589644
19473570
99195305
19591154
39444143
29550412
39426530
09476767
69588663
19587166
09588430
19589354
69538531
89589044
99589487
69491717
39588607
79463870
79499096
99467495
89505266
89473581
19466126
69576165
49528585
89609136
09562232
29562212
59563007
79561371
99478111
29425357
49581766
69217993
69607341
29623480
79905496
09587647
29606287
49252384
59587923
49467501
29505330
39492619
79454535
49492529
99457986
59578693
79579111
39606055
39468515
69466459
39498254
79578748
79605172
59257574
69465983
99391976
69589605
29498339
19587232
19605684
79573784
49492483
49566290
79604573
49605499
79587903
09589241
99256803
99456034
39361760
39589819
79498006
09491923
59398673
19420478
09571887
89581000
69392227
79552913
29597382
69611456
49419440
59428967
89398681
29580999
49020030
19012989
79549987
69587055
29457956
69584641
49409460
09538195
99498171
79433699
09604473
19588972
99600588
69577443
59601028
09492668
99458306
29497491
79538601
79538050
99482839
59581129
29498688
49604174
39026867
29585020
59280635
39473395
29409461
59492487
99587964
39456895
19459116
89585140
89585220
99585291
69469863
99539001
49455131
79566000
09498585
79498539
49460793
89256851
19519766
99550296
89274261
59409488
19587294
59473506
19604203
69466666
49459426
19550295
19587920
89498020
29606334
39577430
29587849
79588120
49404071
19533239
99478724
49533285
19533277
59256843
49473390
59491968
99492353
69538060
69497620
09464062
99588440
39585208
49589456
59538089
29459432
69538786
59519217
09566225
59433676
39573917
09509485
29613848
99071507
79622850
19578124
59483591
99581820
39483276
09421708
19507914
29332075
99538822
19507462
89600372
09600366
89601913
29464810
99466801
19394993
29394983
49498164
79507402
29507348
69337349
69566454
39576652
49470160
39112105
89601282
09578676
99586832
39578948
29538731
59492152
49589574
09577281
19619134
09274335
69587201
69461715
69600603
59404297
79577027
29469884
39565922
59509440
79566199
29538104
69460674
29604575
89588087
19492390
89142732
89458458
59504287
49504462
89605402
69449728
29586864
69588366
99601465
19330232
59458445
59457648
19457240
29566074
69477797
39577312
49588112
29460888
59605781
69464083
79587639
19589071
89473454
49519350
89565397
59605880
19587072
89587224
99605109
09587195
89578795
49589461
49467285
09605057
39457017
29509446
09330299
89586804
19600158
89604935
59274333
09465721
99457000
09589175
79589290
79587309
69588540
19587152
39589174
19588712
89566194
19586807
19498877
09574503
69588776
39587293
59587447
39509530
99577451
89394980
09467070
29913390
29051664
49458064
09565952
99274232
09604996
99257204
29433362
49586797
49433686
39491747
49587914
69587951
99433740
19509545
59587126
69588427
49274480
49587278
09604816
29587967
69577419
39392021
69458459
59587131
99587704
49589102
59589130
99497765
29579024
09606486
49404165
79606421
09497538
59587701
49509233
39606296
59601679
89587691
99539299
49538645
09492003
89519070
89576881
89456666
59498385
79497988
39589188
49477703
49509515
59426770
59538032
79507416
99366887
49459803
39461769
09111372
89458745
79507435
39586830
89142826
89473562
29587137
19589882
39538146
89579083
19465773
39498881
89497539
49605753
09404153
19587265
79586866
99509315
49577081
69455998
69587989
59586985
09455859
49577260
19461096
89461187
69573770
59566459
09605972
59573761
39509436
69601061
59257588
89466359
79257747
49468096
19604477
29112785
69254315
99254309
19253907
39304034
89457128
59473380
99458453
59026885
29473372
89463780
19404459
59589564
09600578
99588925
19588118
79577174
89588134
49576642
69605498
09498991
09454341
39589145
69256809
19456924
69565505
59606304
99392004
39538349
39426484
69917923
39391837
59507399
79455064
39468110
19573895
19587289
79538936
39573762
29588636
69573874
19606419
19573782
59587579
99497483
89589770
19589448
89601499
49498338
19490584
00475263
59600613
29601459
69600844
09604369
69469900
69509473
89604493
19538350
49539211
29600822
19600380
99574216
69455776
39550384
09576743
19587557
29586802
29462811
49463819
59477745
49468464
29604231
29467408
19455458
39469398
39507258
39538783
59578749
59605719
59456205
09509094
29404703
79465751
09458377
09409344
19538067
49509539
89600367
10461487
79538309
79468071
89492278
89576796
19465155
19601695
29578939
49587693
79433717
69460947
09588152
59142724
19578869
89537875
79462125
49504363
99587308
09578935
59588531
69455644
49589140
99600814
99477809
39459163
89498421
19589820
99565387
09461214
29330217
29605424
79254980
69309959
19519733
59409469
39391941
79257573
39538151
99601677
89565934
09600639
29473471
19473481
29461717
09458462
19456325
49605748
69605907
99606477
39604160
79589775
09588393
99589878
79537951
19588651
49587264
79497460
49588329
29467583
39550317
79459566
19600592
89462865
79579031
59600378
19537987
29458649
79469693
49460632
29538694
99565919
29498481
49606540
69604465
79433802
49454914
09605613
29491743
39460411
19433843
69497743
59576613
29919801
39497805
59049919
29141896
09215850
29468281
49585222
29584643
19433838
19404529
59585052
69566109
19463095
89604266
59497569
39537967
59507455
99586747
09598085
09612208
79598077
69208026
69622860
09588034
19585148
99454191
09310003
79589068
19381801
99587718
09601064
29601727
09538020
99460936
59498366
69566067
29504279
99565783
59550566
49578863
89587163
09589892
99458194
19588302
99539237
99491909
49588904
79456110
69394976
19461015
29142594
79519933
89605727
09588802
19112677
89509194
99473401
19507235
79404531
29566234
29142240
09469823
19589127
29509125
19329889
09253917
39578665
69597846
39577072
49565511
79565406
39606324
49457941
09600837
59587560
79574528
59589535
89600174
39587269
19606315
79586908
09467503
69589653
59539324
09464000
59538942
29538571
89112805
89419141
59579094
99539360
09604741
49461962
19461218
29492587
49589442
39459484
09588369
69589035
99587761
99538493
59492473
19587128
79588506
39604848
29601478
29562684
09597378
69597375
79603578
39612122
19562236
79562238
69489899
39575935
09561355
19478092
39465531
39473376
39426587
99538582
59255018
39052205
69473394
29507211
79537965
59466172
59465813
59269708
79538470
29518907
29509093
69601693
69469207
69538550
69301425
49433436
29215934
59310265
99588384
59566204
49498668
09426701
09574659
09142420
79457336
39538542
39509342
99509363
69600368
19576629
29587566
99539124
39605584
49600581
89605770
99578993
99460050
49469741
09565320
39606060
19497793
29586798
99588242
39601944
59457115
59310350
09491796
39498131
99331690
99578667
79257530
09112833
69576938
99309953
49455447
59391841
89537979
29565786
59601033
59519627
79459707
99579049
19497967
69600801
09576875
09589533
79463851
39576572
49604800
39577345
29492139
19577073
69578796
39473461
39523003
89501428
49500992
29424348
39494185
09494158
99429168
29596721
89461677
09586737
59578914
59601052
09454732
69565510
79498799
39606423
09600615
89462139
69584698
49576492
19255058
09473448
29049973
59473403
19470048
39459950
99588789
49600623
29509173
59473417
59463710
09391848
39455198
09395035
79467632
99457340
69499582
49564502
09500282
79465275
49505273
39458960
29585275
09521053
89523114
69552517
39575916
59467341
49605866
99509419
09507392
89507449
09526084
29529883
39128564
89227873
19552483
89495936
19494271
49469864
09433730
49578740
19051754
29538081
19509296
69538381
89426740
49507234
59467100
49538971
99576442
29473386
89457699
19463849
29587199
19274325
49584642
99605703
39519015
79497436
29605099
89518829
59326054
79563520
39572588
89895331
39523055
19630358
19562608
79625684
99568121
99552648
89417260
99589963
09441061
09306204
89297663
79564478
59399130
89399039
19613108
09574334
19465103
39587783
19577209
49587476
29589042
89257544
49587626
39586726
29498754
49605442
49588310
79528051
49575510
19252125
09487884
19579227
99596708
09579275
29581767
89384655
39501652
99500678
29624936
39607333
49623790
59478113
49478255
79562714
69562842
39596754
79501023
89418702
79601720
99526013
69622600
09591135
79256837
09589665
69589771
59588833
59051403
29601497
49274357
09509107
89463501
89578856
59577009
89574641
69588620
09466594
09550804
39465871
49498606
79507138
19473400
69274262
49142588
39578788
29473579
49459365
19507377
49274263
79473591
29499094
09112871
39519176
59468755
69606054
79458703
89499067
99426565
49576760
39046907
49385685
19494266
59412693
99209821
29406716
19552893
69483326
99195678
89572581
29587934
09432033
09429889
59563559
39581743
09544078
59221373
39612056
49432074
39590733
29478181
79494305
59602424
69478099
49572564
49623808
89611196
79630360
09473373
39026301
09497637
19215835
39026344
69507445
29588132
09588227
29604801
89589893
59605738
09429733
99562850
99607325
49562956
49549093
09309924
99538006
69504456
99538365
89505346
39459530
39587306
39604136
59566275
69473577
49468529
19463340
89492607
19457396
29605612
49521536
59528622
09485205
09485253
79607703
19510902
39608318
59484294
39485181
29412604
39622828
49426148
89597727
69598087
09195300
79587856
39391875
99612237
59521611
49432026
09432189
59527552
09616249
39552533
49895371
59019917
49002432
39516007
49393402
89392429
49241282
39429251
09425909
09047376
89468202
89473519
99454935
19601025
59429556
99425009
59285001
29590413
69395674
19176612
79416906
19059439
59455258
79498544
39578929
29469964
59498173
79505337
49604112
19505284
59576769
39468563
89539049
79456252
09499146
09550917
59330305
69576721
49509445
09538893
69589403
59306503
09473434
09604519
29576474
89576584
69274257
69331696
39550572
89519923
19504294
89458566
19468093
49623479
89562898
09623787
19431170
89581420
19588401
89455167
19589764
79606478
99604497
99409486
69604427
99463614
59473498
49425158
99469588
79509533
99578988
29588491
09507448
39507437
79605073
29507174
39491926
69576467
19589009
39498094
99587775
59195675
79597695
79204424
09429667
89549086
29588127
09588595
99578974
19587053
79274327
69588597
79623411
59440827
79195636
49597828
79411013
19429247
29535775
69586838
79587093
69601301
79587583
69469231
29588617
59579126
39257546
59565799
69470710
39051499
09456397
19507358
89215808
69529126
39588966
79466048
89587653
49463838
59507356
79458091
19428851
19602510
89623463
89605124
89492669
39589602
19538901
29462689
69458464
99468579
19419941
89568744
39257481
19509140
29585223
99461950
39504405
99440585
49399121
49581417
59004379
49049689
89584640
89587912
09538039
59456328
89469862
59456111
09477776
89254060
19492111
89112792
69456281
09463736
39578689
29404114
99577314
49565403
49409498
19421661
89480930
59473568
59509379
99578894
99509339
99274213
59465771
59600156
29601058
59550081
39257532
79588144
49586924
19473532
69460481
59462579
89604619
19335649
89465883
99537894
19589274
29465391
79455530
19463062
49588287
09578723
59473441
89589708
99492541
29589792
09579077
49509563
29578717
39459196
39498391
79509566
29587298
69455031
39605503
09538647
49537962
89464218
59509548
19457985
49473583
59464903
09455289
49539292
39462636
39589230
59391902
19470109
29601954
39588037
59509416
39565781
39574257
69537980
19509164
49274461
29518931
09509348
39589824
69578923
99605190
49452477
39539278
69538437
49565827
99601248
29605419
59565997
09497595
19538656
29504298
99601719
89509269
49466931
19457184
69588106
99588218
99461498
49473432
49509520
29461208
79467161
19463948
39601454
69463465
99459202
09585120
29605476
39605796
39465277
89470097
29602816
49588070
89601692
69587442
89588346
59458327
09491602
29492295
89538592
89509354
09538483
29538887
09588048
59509242
79498515
19586968
79421521
59464451
59142804
29589527
49509370
69587215
19507160
19473396
99539039
89466806
19549933
69507129
69473365
19565334
49537976
89112103
39473442
09507146
09538888
49456300
39601717
09426602
69426581
79215960
29539009
69566393
99381802
09463595
39566257
19491748
59588767
39578967
39587882
59588654
99456374
09604982
09577342
89457454
79579149
29473485
09473467
49585868
69605554
89498567
59457380
09497449
29498971
29601690
59492294
39577454
79585032
99470921
39470127
79452720
29473428
39509182
09601709
59552527
49578759
19538147
89460654
09539369
59538640
49462122
89585300
59507224
39507135
79519476
99610097
39895296
19417032
39548956
19562175
79612691
69469839
39586745
19498599
49587508
79581595
19602633
09623768
49329213
19550238
49526609
19533003
79591231
99497826
79589563
19492125
99601696
49538301
89280479
19215996
29605141
99578945
99300858
69461541
69435222
79589469
29431320
39572545
49336157
29602604
89396248
39023798
49562739
59469590
29518894
29485247
19429129
89597708
09597651
79612380
29616253
09130479
99429682
59467360
19412534
99384339
39465994
39497985
59605291
49576784
19466211
49491879
69330277
09274458
69581633
49020233
99459216
39589070
89588313
59548984
59549021
99587469
39497792
29612085
99589265
19588731
29455405
19330265
49409304
29436978
29462118
69588291
99514958
59463574
09426598
49491577
89509387
79587615
79462677
99589425
19586954
39409309
19606056
29509427
49469388
29466705
29460440
79453197
39498107
09465274
49454259
99538209
89538733
19426734
79588078
89600824
29112115
49507347
49577316
79464469
19253945
39584609
89585296
09578803
69589610
89467491
89565533
49537919
29606150
69112104
39576765
99391877
79426590
39538028
19215915
89507208
99456185
99456430
89426660
59920186
39426610
59473399
29507206
89473425
19426710
99426607
79026498
89588105
99578846
49588942
39460755
29587986
09141798
19589716
79460051
09454751
09538317
09460101
69576622
69566411
49509092
89577404
39456391
89112099
89455266
79455950
99204357
39538231
59465224
89385607
19530504
49574515
79587286
99420262
49471386
39597715
29929230
99019915
39470052
29587203
99504412
09605750
59457035
59612258
69587734
79574156
29588957
39431923
19605702
49426737
89588332
09920706
99587657
59605007
59492213
89464727
89465915
99459669
39588042
09492079
09456689
89455346
19539000
29576577
79254287
89585282
29426743
29507131
89458750
69426656
29538552
79473435
79433326
89455068
39460637
19605467
79464308
69491915
69467270
99458392
79473459
39409494
89485211
09373364
59509275
79612219
79455243
29426724
39504537
19606377
89459368
69468514
39454486
29458475
99589147
89578738
69254301
09538204
89604313
09454925
19467319
29465206
69473426
79454494
19409329
59215857
19498537
69587654
59606281
19506113
09515066
19515061
19534644
69473445
89507232
79575815
39473611
79462187
29538298
79507398
19424339
09548929
39433229
49603141
49603155
49509450
69537961
29552190
39551265
09589222
89530039
89507133
29574286
69411023
69336887
59500213
59590336
10573475
49548060
19574258
49576208
89403951
29456872
89509995
59336557
49437241
09492499
09460691
29579057
49189203
19601049
99491810
29507188
39455669
79613520
99545257
19435856
19297685
09506076
49574186
79574646
99195678
89566453
29477252
69440266
89580029
59574162
49615747
49392228
49464772
89456384
59331847
29388232
09589552
49573813
59462414
39458795
69574519
79458618
29479835
79601918
49565686
69472021
69589224
09020032
19562651
99562893
89563807
19469865
89323718
49215834
19436257
19175957
09429262
49478199
49602504
29534667
59600627
29575318
29252511
59578136
29605706
49507187
99458212
69625528
89509542
39335634
79002440
49534893
09565363
49539174
49549007
49606050
29600841
49590129
79576202
19586746
99509508
29600600
39611453
29514457
09608763
79611955
49580031
20331061
39449796
70573477
29579123
59585274
69306499
99309887
89407063
79460843
79465812
49605300
69538395
09507293
19468597
79581901
29483535
99394989
09466914
69516708
89562723
49566228
69492646
79612163
69272687
79004397
59509497
39504349
59215956
09330280
89509349
79548997
09353120
99549038
09613873
79051483
79586970
59600854
19537893
39601053
09576922
79504234
49589965
39495929
39507197
09915899
89449647
49574233
19579005
09463816
09463331
99490090
29507126
09335659
39507395
99528465
39577086
19606037
79585131
59561428
39437086
79457015
79588530
50461490
59383884
19539359
59019842
19213474
59442181
09473504
59454598
09426517
09507434
79494819
69521446
99528535
89547884
09547883
39534902
19576177
89458024
59587536
99574457
19533381
49294548
19603576
39141966
49473578
39473588
69588601
59490676
89141902
09457542
39915925
19051443
59623577
99579266
39588117
79588281
59454697
29596740
39600384
99587916
29615748
09615508
59470211
89604817
99612360
89578682
69329962
79439823
29478082
19509376
79538451
09538572
49490342
49589102
89587605
69588272
39468073
39597763
99601045
49455329
59330560
